email,full_name,contact,degree,degree_score,type,job_post,aptitude_score,technical_score,personality_score,average_score,category,hr_id,date_of_interview
patrickbabcock@gmail.com,Patrick Babcock,8127516985,be_btech,83,Fresher,Associate Engineer,78,95,45,73,1,hr1,2000-12-31
michealdougan@gmail.com,Micheal Dougan,8407416622,be_btech,68,Fresher,Associate Engineer,25,62,65,51,0,hr1,2000-12-31
williamwright@gmail.com,William Wright,8424060416,be_btech,66,Fresher,Associate Engineer,54,53,41,50,0,hr1,2000-12-31
lornadawson@gmail.com,Lorna Dawson,8447090989,be_btech,84,Fresher,Associate Engineer,92,84,68,82,1,hr1,2000-12-31
johnorrick@gmail.com,John Orrick,8611751004,be_btech,71,Fresher,Associate Engineer,59,33,80,57,0,hr1,2000-12-31
anaharris@gmail.com,Ana Harris,8431684770,be_btech,80,Fresher,Associate Engineer,80,40,89,70,1,hr1,2000-12-31
aaronstewart@gmail.com,Aaron Stewart,7974302885,be_btech,85,Fresher,Associate Engineer,65,74,50,63,0,hr1,2000-12-31
mariebarton@gmail.com,Marie Barton,8279158833,be_btech,76,Fresher,Associate Engineer,74,40,55,57,0,hr1,2000-12-31
ruthrussell@gmail.com,Ruth Russell,8602415096,be_btech,62,Fresher,Associate Engineer,33,72,64,57,0,hr1,2000-12-31
williamtom@gmail.com,William Tom,8393709838,be_btech,96,Fresher,Associate Engineer,75,67,72,72,1,hr1,2000-12-31
noreennorton@gmail.com,Noreen Norton,8208361701,be_btech,89,Fresher,Associate Engineer,78,66,45,63,0,hr1,2000-12-31
oscarwellman@gmail.com,Oscar Wellman,8416301233,be_btech,99,Fresher,Associate Engineer,100,41,94,79,0,hr1,2000-12-31
richardpua@gmail.com,Richard Pua,8600260763,be_btech,77,Fresher,Associate Engineer,89,33,49,57,0,hr1,2000-12-31
mikesutton@gmail.com,Mike Sutton,8630570492,be_btech,78,Fresher,Associate Engineer,21,33,80,45,0,hr1,2000-12-31
carlosher@gmail.com,Carlos Her,8560076007,be_btech,67,Fresher,Associate Engineer,39,76,37,51,0,hr1,2000-12-31
elvachace@gmail.com,Elva Chace,8044280362,be_btech,62,Fresher,Associate Engineer,46,75,43,55,0,hr1,2000-12-31
kevinbolling@gmail.com,Kevin Bolling,8058240643,be_btech,94,Fresher,Associate Engineer,34,58,67,53,0,hr1,2000-12-31
hilaryhecker@gmail.com,Hilary Hecker,8688308471,be_btech,94,Fresher,Associate Engineer,96,82,36,72,1,hr1,2000-12-31
patriciaswan@gmail.com,Patricia Swan,8554947225,be_btech,84,Fresher,Associate Engineer,89,77,70,79,1,hr1,2000-12-31
terrybrown@gmail.com,Terry Brown,8646601707,be_btech,64,Fresher,Associate Engineer,34,78,87,67,0,hr1,2000-12-31
ericspivey@gmail.com,Eric Spivey,8150685524,be_btech,96,Fresher,Associate Engineer,80,31,65,59,0,hr1,2000-12-31
mildredbolen@gmail.com,Mildred Bolen,8733496593,be_btech,79,Fresher,Associate Engineer,41,60,93,65,0,hr1,2000-12-31
johnclarke@gmail.com,John Clarke,8397994459,be_btech,94,Fresher,Associate Engineer,72,81,43,66,0,hr1,2000-12-31
gerardcampos@gmail.com,Gerard Campos,8064121520,be_btech,99,Fresher,Associate Engineer,92,43,68,68,0,hr1,2000-12-31
allencantey@gmail.com,Allen Cantey,8747643868,be_btech,92,Fresher,Associate Engineer,23,37,38,33,0,hr1,2000-12-31
lauraflath@gmail.com,Laura Flath,8656792337,be_btech,76,Fresher,Associate Engineer,56,56,49,54,0,hr1,2000-12-31
cherylle@gmail.com,Cheryl Le,8539406271,be_btech,62,Fresher,Associate Engineer,93,43,92,76,1,hr1,2000-12-31
christophercole@gmail.com,Christopher Cole,7900650616,be_btech,72,Fresher,Associate Engineer,55,33,46,45,0,hr1,2000-12-31
tinamalone@gmail.com,Tina Malone,8757594241,be_btech,79,Fresher,Associate Engineer,21,65,79,55,0,hr1,2000-12-31
georgeyanez@gmail.com,George Yanez,8719590981,be_btech,82,Fresher,Associate Engineer,18,43,32,31,0,hr1,2000-12-31
anaorozco@gmail.com,Ana Orozco,8614070398,be_btech,75,Fresher,Associate Engineer,82,63,60,69,0,hr1,2000-12-31
rubenyoungdahl@gmail.com,Ruben Youngdahl,8329072136,be_btech,67,Fresher,Associate Engineer,41,77,90,70,1,hr1,2000-12-31
adriangoldberg@gmail.com,Adrian Goldberg,7988502738,be_btech,93,Fresher,Associate Engineer,9,38,48,32,0,hr1,2000-12-31
pennyfontenot@gmail.com,Penny Fontenot,8601407474,be_btech,77,Fresher,Associate Engineer,12,58,86,52,0,hr1,2000-12-31
beverlymitchell@gmail.com,Beverly Mitchell,8196776543,be_btech,61,Fresher,Associate Engineer,89,83,77,83,1,hr1,2000-12-31
christinacochran@gmail.com,Christina Cochran,8427111946,be_btech,63,Fresher,Associate Engineer,4,44,69,39,0,hr1,2000-12-31
staceybrock@gmail.com,Stacey Brock,8269508477,be_btech,98,Fresher,Associate Engineer,57,30,78,55,0,hr1,2000-12-31
darlenestringer@gmail.com,Darlene Stringer,7966510849,be_btech,90,Fresher,Associate Engineer,66,85,33,62,0,hr1,2000-12-31
raymondcooper@gmail.com,Raymond Cooper,8589070819,be_btech,66,Fresher,Associate Engineer,95,56,82,78,1,hr1,2000-12-31
brittanychase@gmail.com,Brittany Chase,8787943555,be_btech,62,Fresher,Associate Engineer,12,71,77,54,0,hr1,2000-12-31
barbarabramer@gmail.com,Barbara Bramer,7954220088,be_btech,69,Fresher,Associate Engineer,62,84,94,80,1,hr1,2000-12-31
brianwinner@gmail.com,Brian Winner,8408769195,be_btech,76,Fresher,Associate Engineer,54,57,92,68,0,hr1,2000-12-31
hazelstockbridge@gmail.com,Hazel Stockbridge,8730764116,be_btech,93,Fresher,Associate Engineer,99,57,87,81,1,hr1,2000-12-31
josemathis@gmail.com,Jose Mathis,8519990827,be_btech,81,Fresher,Associate Engineer,49,53,82,62,0,hr1,2000-12-31
sandrastone@gmail.com,Sandra Stone,8592513484,be_btech,71,Fresher,Associate Engineer,84,49,94,78,1,hr1,2000-12-31
meganschleusner@gmail.com,Megan Schleusner,7975478790,be_btech,99,Fresher,Associate Engineer,73,64,75,71,1,hr1,2000-12-31
daniloreeves@gmail.com,Danilo Reeves,8659634353,be_btech,88,Fresher,Associate Engineer,46,63,39,50,0,hr1,2000-12-31
thomaskurth@gmail.com,Thomas Kurth,8742060113,be_btech,86,Fresher,Associate Engineer,39,82,79,67,0,hr1,2000-12-31
ritamccalmont@gmail.com,Rita Mccalmont,8699464713,be_btech,79,Fresher,Associate Engineer,39,65,95,67,0,hr1,2000-12-31
suzanbrown@gmail.com,Suzan Brown,8161857059,be_btech,69,Fresher,Associate Engineer,61,43,90,65,0,hr1,2000-12-31
frankwatts@gmail.com,Frank Watts,8015175069,be_btech,80,Fresher,Associate Engineer,6,78,76,54,0,hr1,2000-12-31
kylestauber@gmail.com,Kyle Stauber,8267656462,be_btech,89,Fresher,Associate Engineer,96,52,36,62,0,hr1,2000-12-31
jillshelvey@gmail.com,Jill Shelvey,8184563175,be_btech,87,Fresher,Associate Engineer,48,72,56,59,0,hr1,2000-12-31
sandykimball@gmail.com,Sandy Kimball,8285112696,be_btech,84,Fresher,Associate Engineer,3,71,69,48,0,hr1,2000-12-31
joesphpapa@gmail.com,Joesph Papa,7970873718,be_btech,80,Fresher,Associate Engineer,59,90,50,67,0,hr1,2000-12-31
tommythomson@gmail.com,Tommy Thomson,8352778137,be_btech,96,Fresher,Associate Engineer,86,38,95,73,1,hr1,2000-12-31
leonardburgess@gmail.com,Leonard Burgess,8400210032,be_btech,75,Fresher,Associate Engineer,30,66,32,43,0,hr1,2000-12-31
maryprice@gmail.com,Mary Price,8289272873,be_btech,67,Fresher,Associate Engineer,59,82,75,72,1,hr1,2000-12-31
lynnsingletary@gmail.com,Lynn Singletary,8469050537,be_btech,91,Fresher,Associate Engineer,47,83,85,72,1,hr1,2000-12-31
normaoates@gmail.com,Norma Oates,8226663344,be_btech,81,Fresher,Associate Engineer,89,62,44,65,0,hr1,2000-12-31
sarahouchens@gmail.com,Sara Houchens,8715107357,be_btech,68,Fresher,Associate Engineer,21,55,34,37,0,hr1,2000-12-31
garystaley@gmail.com,Gary Staley,8744137413,be_btech,92,Fresher,Associate Engineer,37,43,59,47,0,hr1,2000-12-31
donnachilds@gmail.com,Donna Childs,8241592041,be_btech,81,Fresher,Associate Engineer,5,80,58,48,0,hr1,2000-12-31
dorotheafee@gmail.com,Dorothea Fee,8537401196,be_btech,99,Fresher,Associate Engineer,70,60,70,67,0,hr1,2000-12-31
lorrettapurinton@gmail.com,Lorretta Purinton,7895126789,be_btech,96,Fresher,Associate Engineer,33,44,73,50,0,hr1,2000-12-31
nickyhampton@gmail.com,Nicky Hampton,8237805578,be_btech,71,Fresher,Associate Engineer,88,66,49,68,0,hr1,2000-12-31
eileenhorne@gmail.com,Eileen Horne,8141819518,be_btech,86,Fresher,Associate Engineer,17,54,38,34,0,hr1,2000-12-31
elizabethbattis@gmail.com,Elizabeth Battis,8361933205,be_btech,93,Fresher,Associate Engineer,27,50,52,43,0,hr1,2000-12-31
vanessarush@gmail.com,Vanessa Rush,8228975694,be_btech,71,Fresher,Associate Engineer,23,50,39,38,0,hr1,2000-12-31
opalmccowin@gmail.com,Opal Mccowin,8308197758,be_btech,66,Fresher,Associate Engineer,33,37,45,39,0,hr1,2000-12-31
sherryshelton@gmail.com,Sherry Shelton,7896616904,be_btech,78,Fresher,Associate Engineer,92,38,90,74,1,hr1,2000-12-31
crystalmontanez@gmail.com,Crystal Montanez,8257497419,be_btech,62,Fresher,Associate Engineer,2,43,45,30,0,hr1,2000-12-31
corystrobeck@gmail.com,Cory Strobeck,8065853297,be_btech,62,Fresher,Associate Engineer,39,88,69,66,0,hr1,2000-12-31
carolynbecker@gmail.com,Carolyn Becker,8619688785,be_btech,79,Fresher,Associate Engineer,69,78,44,64,0,hr1,2000-12-31
janicemorrison@gmail.com,Janice Morrison,8363653964,be_btech,99,Fresher,Associate Engineer,73,61,51,62,0,hr1,2000-12-31
gailnavarra@gmail.com,Gail Navarra,8139956645,be_btech,96,Fresher,Associate Engineer,88,83,78,83,1,hr1,2000-12-31
markellis@gmail.com,Mark Ellis,8043855211,be_btech,71,Fresher,Associate Engineer,84,76,86,82,1,hr1,2000-12-31
echoduffield@gmail.com,Echo Duffield,8240480074,be_btech,64,Fresher,Associate Engineer,51,37,85,58,0,hr1,2000-12-31
mariettahaynes@gmail.com,Marietta Haynes,8617539048,be_btech,79,Fresher,Associate Engineer,94,50,87,77,1,hr1,2000-12-31
susiehorton@gmail.com,Susie Horton,8085441943,be_btech,62,Fresher,Associate Engineer,92,63,35,64,0,hr1,2000-12-31
paulaglatt@gmail.com,Paula Glatt,8421423105,be_btech,86,Fresher,Associate Engineer,35,79,78,64,0,hr1,2000-12-31
alexandergulley@gmail.com,Alexander Gulley,8517755687,be_btech,87,Fresher,Associate Engineer,54,88,33,59,0,hr1,2000-12-31
violajacobs@gmail.com,Viola Jacobs,8425266575,be_btech,99,Fresher,Associate Engineer,42,87,55,62,0,hr1,2000-12-31
kristenkyles@gmail.com,Kristen Kyles,8418337728,be_btech,91,Fresher,Associate Engineer,33,78,55,56,0,hr1,2000-12-31
yolandaprewitt@gmail.com,Yolanda Prewitt,7910219982,be_btech,69,Fresher,Associate Engineer,24,64,75,55,0,hr1,2000-12-31
andrewsaraiva@gmail.com,Andrew Saraiva,8355645264,be_btech,61,Fresher,Associate Engineer,99,89,73,87,1,hr1,2000-12-31
tonysanchez@gmail.com,Tony Sanchez,8187271047,be_btech,92,Fresher,Associate Engineer,14,72,93,60,0,hr1,2000-12-31
douglashouser@gmail.com,Douglas Houser,8486120443,be_btech,96,Fresher,Associate Engineer,86,41,51,60,0,hr1,2000-12-31
keenaallen@gmail.com,Keena Allen,7894575523,be_btech,76,Fresher,Associate Engineer,20,62,72,52,0,hr1,2000-12-31
dariuskim@gmail.com,Darius Kim,8766331083,be_btech,71,Fresher,Associate Engineer,18,47,49,38,0,hr1,2000-12-31
nealfreeman@gmail.com,Neal Freeman,8167162201,be_btech,90,Fresher,Associate Engineer,70,30,51,51,0,hr1,2000-12-31
philiptorres@gmail.com,Philip Torres,8489466061,be_btech,76,Fresher,Associate Engineer,78,63,77,73,1,hr1,2000-12-31
ericsmith@gmail.com,Eric Smith,8011451196,be_btech,74,Fresher,Associate Engineer,64,77,80,74,1,hr1,2000-12-31
amyhenderson@gmail.com,Amy Henderson,8771510793,be_btech,75,Fresher,Associate Engineer,0,63,40,35,0,hr1,2000-12-31
maryhill@gmail.com,Mary Hill,8293814964,be_btech,64,Fresher,Associate Engineer,59,81,65,69,0,hr1,2000-12-31
markrowe@gmail.com,Mark Rowe,8378282226,be_btech,64,Fresher,Associate Engineer,28,40,50,40,0,hr1,2000-12-31
noramalone@gmail.com,Nora Malone,8212109628,be_btech,89,Fresher,Associate Engineer,74,88,82,82,1,hr1,2000-12-31
mildredpajerski@gmail.com,Mildred Pajerski,8463847782,be_btech,64,Fresher,Associate Engineer,71,88,64,75,1,hr1,2000-12-31
jamesshaw@gmail.com,James Shaw,8683736299,be_btech,78,Fresher,Associate Engineer,12,74,36,41,0,hr1,2000-12-31
billieguastella@gmail.com,Billie Guastella,8452321388,be_btech,70,Fresher,Associate Engineer,89,47,70,69,0,hr2,2001-05-02
jefferyhall@gmail.com,Jeffery Hall,8034550045,be_btech,94,Fresher,Associate Engineer,6,53,48,36,0,hr2,2001-05-02
charlesharvey@gmail.com,Charles Harvey,8575472715,be_btech,66,Fresher,Associate Engineer,13,88,71,58,0,hr2,2001-05-02
douglittlefield@gmail.com,Doug Littlefield,8350464488,be_btech,85,Fresher,Associate Engineer,73,51,71,65,0,hr2,2001-05-02
robertculverhouse@gmail.com,Robert Culverhouse,8476928686,be_btech,62,Fresher,Associate Engineer,34,74,92,67,0,hr2,2001-05-02
eduardogodfrey@gmail.com,Eduardo Godfrey,8550668245,be_btech,97,Fresher,Associate Engineer,99,47,42,63,0,hr2,2001-05-02
jodyhughes@gmail.com,Jody Hughes,8381040579,be_btech,61,Fresher,Associate Engineer,60,79,44,61,0,hr2,2001-05-02
susanarocha@gmail.com,Susan Arocha,8662591512,be_btech,79,Fresher,Associate Engineer,25,72,90,63,0,hr2,2001-05-02
thomasheffernan@gmail.com,Thomas Heffernan,8243465652,be_btech,66,Fresher,Associate Engineer,80,84,65,77,1,hr2,2001-05-02
gregoryozga@gmail.com,Gregory Ozga,7964163996,be_btech,93,Fresher,Associate Engineer,71,64,56,64,0,hr2,2001-05-02
dalemorgan@gmail.com,Dale Morgan,7983267835,be_btech,91,Fresher,Associate Engineer,37,63,41,47,0,hr2,2001-05-02
tommiemason@gmail.com,Tommie Mason,8360611227,be_btech,87,Fresher,Associate Engineer,38,36,60,45,0,hr2,2001-05-02
rodgerdesir@gmail.com,Rodger Desir,8446938851,be_btech,78,Fresher,Associate Engineer,25,53,58,46,0,hr2,2001-05-02
andrewpruitt@gmail.com,Andrew Pruitt,8323262990,be_btech,96,Fresher,Associate Engineer,97,59,42,66,0,hr2,2001-05-02
brittanyavila@gmail.com,Brittany Avila,8519310931,be_btech,62,Fresher,Associate Engineer,97,38,91,76,1,hr2,2001-05-02
juanitadalton@gmail.com,Juanita Dalton,8701117448,be_btech,75,Fresher,Associate Engineer,17,52,54,41,0,hr2,2001-05-02
antonioknott@gmail.com,Antonio Knott,8462293958,be_btech,65,Fresher,Associate Engineer,1,85,33,40,0,hr2,2001-05-02
geraldchen@gmail.com,Gerald Chen,8665176466,be_btech,85,Fresher,Associate Engineer,15,73,35,41,0,hr2,2001-05-02
claudemartin@gmail.com,Claude Martin,8647227704,be_btech,73,Fresher,Associate Engineer,15,43,68,42,0,hr2,2001-05-02
charleslance@gmail.com,Charles Lance,8653230836,be_btech,71,Fresher,Associate Engineer,40,87,79,69,0,hr2,2001-05-02
christywilbanks@gmail.com,Christy Wilbanks,8614900496,be_btech,82,Fresher,Associate Engineer,34,84,40,53,0,hr2,2001-05-02
beverlywhitaker@gmail.com,Beverly Whitaker,8630001512,be_btech,91,Fresher,Associate Engineer,5,57,35,33,0,hr2,2001-05-02
jamesmayton@gmail.com,James Mayton,8154346817,be_btech,65,Fresher,Associate Engineer,57,44,72,58,0,hr2,2001-05-02
angeloherrera@gmail.com,Angelo Herrera,8102062890,be_btech,61,Fresher,Associate Engineer,62,30,64,52,0,hr2,2001-05-02
coreylong@gmail.com,Corey Long,8363515343,be_btech,72,Fresher,Associate Engineer,75,37,61,58,0,hr2,2001-05-02
danabuckley@gmail.com,Dana Buckley,8634516531,be_btech,65,Fresher,Associate Engineer,4,86,42,44,0,hr2,2001-05-02
lewisjohnson@gmail.com,Lewis Johnson,8259748319,be_btech,71,Fresher,Associate Engineer,61,56,42,53,0,hr2,2001-05-02
elizabethhines@gmail.com,Elizabeth Hines,8306012869,be_btech,81,Fresher,Associate Engineer,15,40,85,47,0,hr2,2001-05-02
janesullivan@gmail.com,Jane Sullivan,8689853122,be_btech,65,Fresher,Associate Engineer,94,51,83,76,1,hr2,2001-05-02
hortenciamontpas@gmail.com,Hortencia Montpas,8146519375,be_btech,92,Fresher,Associate Engineer,59,79,72,70,1,hr2,2001-05-02
ignaciore@gmail.com,Ignacio Re,8741798165,be_btech,92,Fresher,Associate Engineer,73,90,85,83,1,hr2,2001-05-02
jessicairwin@gmail.com,Jessica Irwin,8719324277,be_btech,79,Fresher,Associate Engineer,16,81,68,55,0,hr2,2001-05-02
jayelarmon@gmail.com,Jaye Larmon,8096695090,be_btech,83,Fresher,Associate Engineer,65,70,64,67,0,hr2,2001-05-02
julianmccraken@gmail.com,Julian Mccraken,8394261923,be_btech,66,Fresher,Associate Engineer,80,64,77,74,1,hr2,2001-05-02
timothyhledik@gmail.com,Timothy Hledik,8490065038,be_btech,73,Fresher,Associate Engineer,47,77,44,56,0,hr2,2001-05-02
joanmoffett@gmail.com,Joan Moffett,8356650075,be_btech,73,Fresher,Associate Engineer,0,90,89,60,0,hr2,2001-05-02
robertmartin@gmail.com,Robert Martin,8593292058,be_btech,70,Fresher,Associate Engineer,46,75,84,69,0,hr2,2001-05-02
mariannejohnson@gmail.com,Marianne Johnson,8504244128,be_btech,95,Fresher,Associate Engineer,52,67,71,64,0,hr2,2001-05-02
robertwestberg@gmail.com,Robert Westberg,8385312164,be_btech,63,Fresher,Associate Engineer,15,48,79,48,0,hr2,2001-05-02
dustingonzalez@gmail.com,Dustin Gonzalez,7923336191,be_btech,76,Fresher,Associate Engineer,69,88,45,68,0,hr2,2001-05-02
tracybartoszek@gmail.com,Tracy Bartoszek,7921996260,be_btech,88,Fresher,Associate Engineer,38,84,68,64,0,hr2,2001-05-02
kellyford@gmail.com,Kelly Ford,8167388013,be_btech,85,Fresher,Associate Engineer,95,79,87,87,1,hr2,2001-05-02
jaredbucher@gmail.com,Jared Bucher,8105420994,be_btech,74,Fresher,Associate Engineer,80,36,69,62,0,hr2,2001-05-02
sarinamata@gmail.com,Sarina Mata,7944665474,be_btech,95,Fresher,Associate Engineer,100,30,30,54,0,hr2,2001-05-02
lindahorne@gmail.com,Linda Horne,8332763965,be_btech,89,Fresher,Associate Engineer,22,51,69,48,0,hr2,2001-05-02
helendorich@gmail.com,Helen Dorich,8680679822,be_btech,83,Fresher,Associate Engineer,95,83,63,81,1,hr2,2001-05-02
cynthiairibarren@gmail.com,Cynthia Iribarren,8077112812,be_btech,79,Fresher,Associate Engineer,10,38,72,40,0,hr2,2001-05-02
suzannejohnson@gmail.com,Suzanne Johnson,8098206720,be_btech,83,Fresher,Associate Engineer,71,71,93,79,1,hr2,2001-05-02
juanitastanford@gmail.com,Juanita Stanford,8574544287,be_btech,90,Fresher,Associate Engineer,5,48,89,48,0,hr2,2001-05-02
cliftonvela@gmail.com,Clifton Vela,8622030339,be_btech,61,Fresher,Associate Engineer,60,58,72,64,0,hr2,2001-05-02
michealmartinez@gmail.com,Micheal Martinez,8135074636,be_btech,92,Fresher,Associate Engineer,10,50,41,34,0,hr2,2001-05-02
johndownes@gmail.com,John Downes,8272193982,be_btech,72,Fresher,Associate Engineer,93,36,36,55,0,hr2,2001-05-02
charliesanchez@gmail.com,Charlie Sanchez,8092296013,be_btech,89,Fresher,Associate Engineer,68,52,53,58,0,hr2,2001-05-02
dorisbrownlee@gmail.com,Doris Brownlee,8773822931,be_btech,62,Fresher,Associate Engineer,76,89,75,80,1,hr2,2001-05-02
ralphrodriguez@gmail.com,Ralph Rodriguez,8179838770,be_btech,78,Fresher,Associate Engineer,34,47,59,47,0,hr2,2001-05-02
susanhill@gmail.com,Susan Hill,7907074403,be_btech,90,Fresher,Associate Engineer,46,85,81,71,1,hr2,2001-05-02
rileyalexander@gmail.com,Riley Alexander,8281863640,be_btech,68,Fresher,Associate Engineer,51,87,53,64,0,hr2,2001-05-02
ceceliateter@gmail.com,Cecelia Teter,8725428624,be_btech,73,Fresher,Associate Engineer,37,87,86,70,1,hr2,2001-05-02
amymcdermott@gmail.com,Amy Mcdermott,8161740003,be_btech,83,Fresher,Associate Engineer,0,32,63,32,0,hr2,2001-05-02
constanceleonberger@gmail.com,Constance Leonberger,7894993745,be_btech,97,Fresher,Associate Engineer,78,34,34,49,0,hr2,2001-05-02
christopherrogge@gmail.com,Christopher Rogge,8328729912,be_btech,96,Fresher,Associate Engineer,72,65,80,73,1,hr2,2001-05-02
lauriemarshall@gmail.com,Laurie Marshall,8433337430,be_btech,81,Fresher,Associate Engineer,54,33,60,49,0,hr2,2001-05-02
ricardorobinson@gmail.com,Ricardo Robinson,8414557193,be_btech,78,Fresher,Associate Engineer,62,55,67,62,0,hr2,2001-05-02
darasteenbergen@gmail.com,Dara Steenbergen,8375048926,be_btech,74,Fresher,Associate Engineer,36,68,40,48,0,hr2,2001-05-02
joeobrien@gmail.com,Joe Obrien,8719276057,be_btech,79,Fresher,Associate Engineer,34,44,75,51,0,hr2,2001-05-02
craignash@gmail.com,Craig Nash,8502714666,be_btech,66,Fresher,Associate Engineer,52,37,65,52,0,hr2,2001-05-02
michaelmiles@gmail.com,Michael Miles,8728453368,be_btech,74,Fresher,Associate Engineer,43,34,78,52,0,hr2,2001-05-02
kathryneggert@gmail.com,Kathryn Eggert,8554802720,be_btech,71,Fresher,Associate Engineer,33,74,71,60,0,hr2,2001-05-02
lindaallen@gmail.com,Linda Allen,8753310118,be_btech,91,Fresher,Associate Engineer,31,46,79,52,0,hr2,2001-05-02
jameswitt@gmail.com,James Witt,7991230303,be_btech,64,Fresher,Associate Engineer,28,86,47,54,0,hr2,2001-05-02
thelmajordan@gmail.com,Thelma Jordan,7878094835,be_btech,82,Fresher,Associate Engineer,25,55,43,41,0,hr2,2001-05-02
corneliuslopez@gmail.com,Cornelius Lopez,8783740038,be_btech,68,Fresher,Associate Engineer,91,30,34,52,0,hr2,2001-05-02
haroldlawson@gmail.com,Harold Lawson,8567735753,be_btech,70,Fresher,Associate Engineer,15,88,36,47,0,hr2,2001-05-02
petermartinez@gmail.com,Peter Martinez,8087492961,be_btech,74,Fresher,Associate Engineer,96,47,88,77,1,hr2,2001-05-02
anthonylee@gmail.com,Anthony Lee,7978212375,be_btech,87,Fresher,Associate Engineer,77,78,84,80,1,hr2,2001-05-02
adamkelly@gmail.com,Adam Kelly,8494011917,be_btech,99,Fresher,Associate Engineer,3,86,73,54,0,hr2,2001-05-02
meganrich@gmail.com,Megan Rich,8256453840,be_btech,61,Fresher,Associate Engineer,6,69,43,40,0,hr2,2001-05-02
florencewebster@gmail.com,Florence Webster,8631706390,be_btech,94,Fresher,Associate Engineer,50,76,61,63,0,hr2,2001-05-02
rogerhixon@gmail.com,Roger Hixon,8551538832,be_btech,85,Fresher,Associate Engineer,51,82,52,62,0,hr2,2001-05-02
arlenegagliano@gmail.com,Arlene Gagliano,8484495772,be_btech,95,Fresher,Associate Engineer,26,66,65,53,0,hr2,2001-05-02
dalediaz@gmail.com,Dale Diaz,8510236558,be_btech,68,Fresher,Associate Engineer,41,78,36,52,0,hr2,2001-05-02
russtaylor@gmail.com,Russ Taylor,8741175525,be_btech,69,Fresher,Associate Engineer,19,76,86,61,0,hr2,2001-05-02
pamelacane@gmail.com,Pamela Cane,8545961798,be_btech,65,Fresher,Associate Engineer,99,72,66,79,1,hr2,2001-05-02
kenholloway@gmail.com,Ken Holloway,8718939379,be_btech,86,Fresher,Associate Engineer,95,39,90,75,1,hr2,2001-05-02
aaroncarr@gmail.com,Aaron Carr,8452561006,be_btech,78,Fresher,Associate Engineer,22,76,64,54,0,hr2,2001-05-02
eleanorfolmar@gmail.com,Eleanor Folmar,8535808084,be_btech,83,Fresher,Associate Engineer,78,35,95,70,1,hr2,2001-05-02
esperanzablackmon@gmail.com,Esperanza Blackmon,8053210490,be_btech,95,Fresher,Associate Engineer,48,80,92,74,1,hr2,2001-05-02
cynthiadahl@gmail.com,Cynthia Dahl,7883631120,be_btech,62,Fresher,Associate Engineer,96,50,81,76,1,hr2,2001-05-02
margaritakarle@gmail.com,Margarita Karle,8201502350,be_btech,95,Fresher,Associate Engineer,32,67,44,48,0,hr2,2001-05-02
genevamason@gmail.com,Geneva Mason,8104414692,be_btech,66,Fresher,Associate Engineer,91,59,39,63,0,hr2,2001-05-02
odismorgan@gmail.com,Odis Morgan,8551569813,be_btech,70,Fresher,Associate Engineer,39,80,83,68,0,hr2,2001-05-02
alicebiasi@gmail.com,Alice Biasi,8633920770,be_btech,90,Fresher,Associate Engineer,66,48,62,59,0,hr2,2001-05-02
anthonyburris@gmail.com,Anthony Burris,8063843688,be_btech,65,Fresher,Associate Engineer,63,39,70,58,0,hr2,2001-05-02
robertvaldez@gmail.com,Robert Valdez,8694184238,be_btech,78,Fresher,Associate Engineer,9,35,85,43,0,hr2,2001-05-02
gregorysmith@gmail.com,Gregory Smith,8060820582,be_btech,67,Fresher,Associate Engineer,63,69,61,65,0,hr2,2001-05-02
loriwright@gmail.com,Lori Wright,8422182350,be_btech,91,Fresher,Associate Engineer,67,87,30,62,0,hr2,2001-05-02
ednastone@gmail.com,Edna Stone,8562431275,be_btech,92,Fresher,Associate Engineer,52,33,71,52,0,hr2,2001-05-02
jasonboss@gmail.com,Jason Boss,8688840119,be_btech,67,Fresher,Associate Engineer,29,52,90,57,0,hr2,2001-05-02
rebeccaerich@gmail.com,Rebecca Erich,8163504006,be_btech,91,Fresher,Associate Engineer,34,84,89,69,0,hr2,2001-05-02
markwebb@gmail.com,Mark Webb,8521160836,be_btech,61,Fresher,Associate Engineer,22,48,90,54,0,hr2,2001-05-02
williamenglish@gmail.com,William English,8677510584,be_btech,97,Fresher,Associate Engineer,84,53,95,78,1,hr2,2001-05-02
jamesogorman@gmail.com,James Ogorman,8554484053,be_btech,63,Fresher,Associate Engineer,41,71,79,64,0,hr2,2001-05-02
florencedegan@gmail.com,Florence Degan,8710580685,be_btech,93,Fresher,Associate Engineer,57,43,86,62,0,hr1,2002-11-17
colleenchain@gmail.com,Colleen Chain,8327277054,be_btech,88,Fresher,Associate Engineer,27,58,80,55,0,hr1,2002-11-17
tinaogorman@gmail.com,Tina Ogorman,8682747035,be_btech,71,Fresher,Associate Engineer,74,88,86,83,1,hr1,2002-11-17
lilliangallahan@gmail.com,Lillian Gallahan,8043951605,be_btech,82,Fresher,Associate Engineer,23,75,59,53,0,hr1,2002-11-17
ninapies@gmail.com,Nina Pies,8552550645,be_btech,89,Fresher,Associate Engineer,99,56,31,62,0,hr1,2002-11-17
andreharteau@gmail.com,Andre Harteau,8251527596,be_btech,91,Fresher,Associate Engineer,8,60,87,52,0,hr1,2002-11-17
rosalindacompton@gmail.com,Rosalinda Compton,8179177506,be_btech,82,Fresher,Associate Engineer,100,90,57,83,1,hr1,2002-11-17
reginanelms@gmail.com,Regina Nelms,8580169954,be_btech,80,Fresher,Associate Engineer,17,49,59,42,0,hr1,2002-11-17
adaroberts@gmail.com,Ada Roberts,8403634059,be_btech,61,Fresher,Associate Engineer,47,33,60,47,0,hr1,2002-11-17
johnmefford@gmail.com,John Mefford,8739471134,be_btech,76,Fresher,Associate Engineer,99,38,65,68,0,hr1,2002-11-17
paulinemeyer@gmail.com,Pauline Meyer,8676343688,be_btech,72,Fresher,Associate Engineer,77,46,32,52,0,hr1,2002-11-17
marycrow@gmail.com,Mary Crow,8133733332,be_btech,71,Fresher,Associate Engineer,6,60,41,36,0,hr1,2002-11-17
williamhulse@gmail.com,William Hulse,8077203744,be_btech,79,Fresher,Associate Engineer,90,50,47,63,0,hr1,2002-11-17
rebeccarichey@gmail.com,Rebecca Richey,8787830809,be_btech,77,Fresher,Associate Engineer,33,57,48,46,0,hr1,2002-11-17
loismeyers@gmail.com,Lois Meyers,8258115477,be_btech,69,Fresher,Associate Engineer,50,77,38,55,0,hr1,2002-11-17
jacqueedwards@gmail.com,Jacque Edwards,7954158211,be_btech,95,Fresher,Associate Engineer,65,67,56,63,0,hr1,2002-11-17
justincybulski@gmail.com,Justin Cybulski,8467043959,be_btech,94,Fresher,Associate Engineer,3,60,76,47,0,hr1,2002-11-17
lisaallison@gmail.com,Lisa Allison,8164015825,be_btech,94,Fresher,Associate Engineer,73,63,48,62,0,hr1,2002-11-17
brendaschneider@gmail.com,Brenda Schneider,8195481490,be_btech,71,Fresher,Associate Engineer,57,39,72,56,0,hr1,2002-11-17
daniellesmith@gmail.com,Danielle Smith,8042977079,be_btech,61,Fresher,Associate Engineer,19,64,68,51,0,hr1,2002-11-17
janetparson@gmail.com,Janet Parson,8298044466,be_btech,78,Fresher,Associate Engineer,19,31,93,48,0,hr1,2002-11-17
kevinzavala@gmail.com,Kevin Zavala,8572824560,be_btech,84,Fresher,Associate Engineer,33,33,50,39,0,hr1,2002-11-17
williamrodriguez@gmail.com,William Rodriguez,8710078239,be_btech,65,Fresher,Associate Engineer,62,71,33,56,0,hr1,2002-11-17
frederickdillon@gmail.com,Frederick Dillon,8521859182,be_btech,87,Fresher,Associate Engineer,44,64,38,49,0,hr1,2002-11-17
danieldow@gmail.com,Daniel Dow,8477257691,be_btech,80,Fresher,Associate Engineer,41,63,62,56,0,hr1,2002-11-17
luisbowen@gmail.com,Luis Bowen,7946107454,be_btech,64,Fresher,Associate Engineer,20,51,86,53,0,hr1,2002-11-17
patriciamettlen@gmail.com,Patricia Mettlen,8242672588,be_btech,66,Fresher,Associate Engineer,23,47,60,44,0,hr1,2002-11-17
mariaquintero@gmail.com,Maria Quintero,8075004875,be_btech,77,Fresher,Associate Engineer,35,65,62,54,0,hr1,2002-11-17
georgemuldrow@gmail.com,George Muldrow,8667017696,be_btech,90,Fresher,Associate Engineer,15,88,52,52,0,hr1,2002-11-17
nicholasjackson@gmail.com,Nicholas Jackson,7993317874,be_btech,69,Fresher,Associate Engineer,90,73,31,65,0,hr1,2002-11-17
jeanbowser@gmail.com,Jean Bowser,8061462149,be_btech,81,Fresher,Associate Engineer,18,46,95,53,0,hr1,2002-11-17
michealsmith@gmail.com,Micheal Smith,8037230832,be_btech,96,Fresher,Associate Engineer,8,67,43,40,0,hr1,2002-11-17
michaelwhorton@gmail.com,Michael Whorton,7891986947,be_btech,75,Fresher,Associate Engineer,33,46,66,49,0,hr1,2002-11-17
claudenading@gmail.com,Claude Nading,8314064881,be_btech,78,Fresher,Associate Engineer,97,62,70,77,1,hr1,2002-11-17
tyeshacreel@gmail.com,Tyesha Creel,8437838831,be_btech,66,Fresher,Associate Engineer,86,40,40,56,0,hr1,2002-11-17
mableomohundro@gmail.com,Mable Omohundro,8484224619,be_btech,77,Fresher,Associate Engineer,5,40,70,39,0,hr1,2002-11-17
mauricerodriguez@gmail.com,Maurice Rodriguez,8710771257,be_btech,96,Fresher,Associate Engineer,98,54,43,65,0,hr1,2002-11-17
mariapowell@gmail.com,Maria Powell,8180464325,be_btech,99,Fresher,Associate Engineer,57,64,34,52,0,hr1,2002-11-17
carolineburleson@gmail.com,Caroline Burleson,8140340593,be_btech,66,Fresher,Associate Engineer,90,48,94,78,1,hr1,2002-11-17
charlesgiambra@gmail.com,Charles Giambra,8383639147,be_btech,78,Fresher,Associate Engineer,49,39,36,42,0,hr1,2002-11-17
jamesdiaz@gmail.com,James Diaz,8481985406,be_btech,63,Fresher,Associate Engineer,2,82,32,39,0,hr1,2002-11-17
johnmurphy@gmail.com,John Murphy,7920515818,be_btech,97,Fresher,Associate Engineer,43,88,57,63,0,hr1,2002-11-17
antoniocowart@gmail.com,Antonio Cowart,8219127592,be_btech,62,Fresher,Associate Engineer,95,48,37,60,0,hr1,2002-11-17
danielmarlow@gmail.com,Daniel Marlow,8384726316,be_btech,90,Fresher,Associate Engineer,14,85,95,65,0,hr1,2002-11-17
markmonroe@gmail.com,Mark Monroe,8462264576,be_btech,80,Fresher,Associate Engineer,71,33,41,49,0,hr1,2002-11-17
jacquelinethomas@gmail.com,Jacqueline Thomas,8251133332,be_btech,88,Fresher,Associate Engineer,56,38,37,44,0,hr1,2002-11-17
emilyshamp@gmail.com,Emily Shamp,7902511573,be_btech,79,Fresher,Associate Engineer,67,72,54,65,0,hr1,2002-11-17
hildabarlow@gmail.com,Hilda Barlow,7941081624,be_btech,99,Fresher,Associate Engineer,18,47,50,40,0,hr1,2002-11-17
johnallen@gmail.com,John Allen,8262848959,be_btech,92,Fresher,Associate Engineer,94,56,54,68,0,admin,2003-12-27
charlenejoy@gmail.com,Charlene Joy,8697975512,be_btech,80,Fresher,Associate Engineer,33,86,50,57,0,admin,2003-12-27
jerrykruger@gmail.com,Jerry Kruger,8420828809,be_btech,86,Fresher,Associate Engineer,59,82,80,74,1,admin,2003-12-27
murielmays@gmail.com,Muriel Mays,8372253835,be_btech,95,Fresher,Associate Engineer,14,69,84,56,0,admin,2003-12-27
vickibattle@gmail.com,Vicki Battle,8765447521,be_btech,99,Fresher,Associate Engineer,45,65,90,67,0,admin,2003-12-27
earnestparrish@gmail.com,Earnest Parrish,8408431499,be_btech,76,Fresher,Associate Engineer,42,76,84,68,0,admin,2003-12-27
doncam@gmail.com,Don Cam,8346796184,be_btech,79,Fresher,Associate Engineer,50,82,57,63,0,admin,2003-12-27
frankbrunette@gmail.com,Frank Brunette,7937255029,be_btech,75,Fresher,Associate Engineer,85,37,75,66,0,admin,2003-12-27
alicebrown@gmail.com,Alice Brown,8165159700,be_btech,69,Fresher,Associate Engineer,15,36,66,39,0,admin,2003-12-27
neilspencer@gmail.com,Neil Spencer,8469956722,be_btech,67,Fresher,Associate Engineer,54,67,46,56,0,admin,2003-12-27
marjoriegaters@gmail.com,Marjorie Gaters,8629750810,be_btech,75,Fresher,Associate Engineer,67,85,78,77,1,admin,2003-12-27
robertabrinkley@gmail.com,Roberta Brinkley,8089015061,be_btech,82,Fresher,Associate Engineer,12,47,58,39,0,admin,2003-12-27
margaretcurtis@gmail.com,Margaret Curtis,7987079120,be_btech,99,Fresher,Associate Engineer,35,50,66,51,0,admin,2003-12-27
ricardoboney@gmail.com,Ricardo Boney,8470063991,be_btech,64,Fresher,Associate Engineer,62,55,30,49,0,admin,2003-12-27
robertstrother@gmail.com,Robert Strother,7953101957,be_btech,83,Fresher,Associate Engineer,32,62,61,52,0,admin,2003-12-27
lorileelindsey@gmail.com,Lorilee Lindsey,8022647255,be_btech,61,Fresher,Associate Engineer,79,34,42,52,0,admin,2003-12-27
johnritchey@gmail.com,John Ritchey,8475348154,be_btech,64,Fresher,Associate Engineer,25,69,89,61,0,admin,2003-12-27
thomasgeorge@gmail.com,Thomas George,8605467343,be_btech,99,Fresher,Associate Engineer,14,51,44,37,0,admin,2003-12-27
emmaslade@gmail.com,Emma Slade,7906534172,be_btech,92,Fresher,Associate Engineer,41,78,68,63,0,admin,2003-12-27
elaineshelton@gmail.com,Elaine Shelton,8623942066,be_btech,92,Fresher,Associate Engineer,2,53,78,45,0,admin,2003-12-27
ericbabiarz@gmail.com,Eric Babiarz,7984859298,be_btech,82,Fresher,Associate Engineer,95,50,35,60,0,admin,2003-12-27
tiffanybrandi@gmail.com,Tiffany Brandi,8576496150,be_btech,90,Fresher,Associate Engineer,52,69,94,72,1,admin,2003-12-27
mariowoolford@gmail.com,Mario Woolford,8022596607,be_btech,62,Fresher,Associate Engineer,48,83,37,56,0,admin,2003-12-27
ruthdavis@gmail.com,Ruth Davis,7944761556,be_btech,92,Fresher,Associate Engineer,8,57,75,47,0,admin,2003-12-27
kristinogami@gmail.com,Kristin Ogami,8486846460,be_btech,89,Fresher,Associate Engineer,42,74,57,58,0,admin,2003-12-27
celestinebrown@gmail.com,Celestine Brown,8224651226,be_btech,65,Fresher,Associate Engineer,14,37,48,33,0,admin,2003-12-27
lesliewilson@gmail.com,Leslie Wilson,8661784054,be_btech,72,Fresher,Associate Engineer,26,30,89,49,0,admin,2003-12-27
jenniferberger@gmail.com,Jennifer Berger,8274372913,be_btech,72,Fresher,Associate Engineer,91,63,58,71,1,admin,2003-12-27
andrewpettit@gmail.com,Andrew Pettit,8447077246,be_btech,70,Fresher,Associate Engineer,27,86,55,56,0,admin,2003-12-27
jeromecam@gmail.com,Jerome Cam,7987037121,be_btech,84,Fresher,Associate Engineer,84,32,41,53,0,admin,2003-12-27
theresaappell@gmail.com,Theresa Appell,7890292470,be_btech,74,Fresher,Associate Engineer,46,84,95,75,1,admin,2003-12-27
gaylepetrowski@gmail.com,Gayle Petrowski,8084320229,be_btech,84,Fresher,Associate Engineer,34,54,64,51,0,admin,2003-12-27
zacharyarnold@gmail.com,Zachary Arnold,8476085845,be_btech,65,Fresher,Associate Engineer,88,74,46,70,1,admin,2003-12-27
jowhite@gmail.com,Jo White,8678025918,be_btech,83,Fresher,Associate Engineer,30,53,82,55,0,admin,2003-12-27
lisamoody@gmail.com,Lisa Moody,8284765988,be_btech,98,Fresher,Associate Engineer,12,73,42,43,0,admin,2003-12-27
ingridhill@gmail.com,Ingrid Hill,8131577887,be_btech,83,Fresher,Associate Engineer,32,88,31,51,0,admin,2003-12-27
raymondtimme@gmail.com,Raymond Timme,8308697029,be_btech,79,Fresher,Associate Engineer,95,38,74,69,0,admin,2003-12-27
johnshell@gmail.com,John Shell,8071591252,be_btech,78,Fresher,Associate Engineer,34,53,91,60,0,admin,2003-12-27
terrigeddes@gmail.com,Terri Geddes,8141403004,be_btech,71,Fresher,Associate Engineer,60,82,93,79,1,admin,2003-12-27
hollycoleman@gmail.com,Holly Coleman,8363316500,be_btech,66,Fresher,Associate Engineer,73,74,84,77,1,admin,2003-12-27
lisafavorito@gmail.com,Lisa Favorito,8245475825,be_btech,91,Fresher,Associate Engineer,58,52,66,59,0,admin,2003-12-27
cierameyer@gmail.com,Ciera Meyer,8269902612,be_btech,98,Fresher,Associate Engineer,48,86,39,58,0,admin,2003-12-27
marvelfisher@gmail.com,Marvel Fisher,8323747609,be_btech,87,Fresher,Associate Engineer,44,65,92,67,0,admin,2003-12-27
lewisbisard@gmail.com,Lewis Bisard,8032778829,be_btech,62,Fresher,Associate Engineer,15,86,61,54,0,admin,2003-12-27
richardbradford@gmail.com,Richard Bradford,8486810425,be_btech,79,Fresher,Associate Engineer,23,90,76,63,0,admin,2003-12-27
christopherowens@gmail.com,Christopher Owens,7991254230,be_btech,76,Fresher,Associate Engineer,20,44,66,44,0,admin,2003-12-27
jameskyle@gmail.com,James Kyle,8631225305,be_btech,80,Fresher,Associate Engineer,31,55,68,52,0,admin,2003-12-27
jackvallot@gmail.com,Jack Vallot,8643615631,be_btech,87,Fresher,Associate Engineer,32,60,72,55,0,admin,2003-12-27
theresapark@gmail.com,Theresa Park,7996508234,be_btech,80,Fresher,Associate Engineer,29,80,74,61,0,admin,2003-12-27
ammiewitters@gmail.com,Ammie Witters,8264604221,be_btech,87,Fresher,Associate Engineer,81,78,53,71,1,admin,2003-12-27
karibeam@gmail.com,Kari Beam,8748099837,be_btech,87,Fresher,Associate Engineer,50,70,91,71,1,admin,2003-12-27
barbaranikolic@gmail.com,Barbara Nikolic,8655275453,be_btech,77,Fresher,Associate Engineer,0,79,95,58,0,admin,2003-12-27
ronaldalston@gmail.com,Ronald Alston,8349389054,be_btech,87,Fresher,Associate Engineer,46,70,92,70,1,admin,2003-12-27
aleciarodriguez@gmail.com,Alecia Rodriguez,7944508503,be_btech,78,Fresher,Associate Engineer,27,71,66,55,0,admin,2003-12-27
brandontreat@gmail.com,Brandon Treat,8249711601,be_btech,61,Fresher,Associate Engineer,11,50,61,41,0,admin,2003-12-27
kathyjohnson@gmail.com,Kathy Johnson,8634080294,be_btech,85,Fresher,Associate Engineer,8,73,48,43,0,admin,2003-12-27
heathersoler@gmail.com,Heather Soler,8175264758,be_btech,94,Fresher,Associate Engineer,99,40,71,70,1,admin,2003-12-27
jerryhamed@gmail.com,Jerry Hamed,8016378328,be_btech,97,Fresher,Associate Engineer,43,82,94,73,1,admin,2003-12-27
juliussantiago@gmail.com,Julius Santiago,8010802926,be_btech,95,Fresher,Associate Engineer,42,70,61,58,0,admin,2003-12-27
kimberlyburciaga@gmail.com,Kimberly Burciaga,7902053872,be_btech,91,Fresher,Associate Engineer,56,81,76,71,1,admin,2003-12-27
wilmarabenold@gmail.com,Wilma Rabenold,8701768107,be_btech,69,Fresher,Associate Engineer,57,54,55,56,0,admin,2003-12-27
lonniemurphy@gmail.com,Lonnie Murphy,8753009433,be_btech,98,Fresher,Associate Engineer,84,65,46,65,0,admin,2003-12-27
williamsims@gmail.com,William Sims,8742033687,be_btech,85,Fresher,Associate Engineer,48,76,42,56,0,admin,2003-12-27
johnheatherington@gmail.com,John Heatherington,8184685198,be_btech,69,Fresher,Associate Engineer,24,64,38,42,0,admin,2003-12-27
patriciaquasdorf@gmail.com,Patricia Quasdorf,8497890912,be_btech,83,Fresher,Associate Engineer,51,52,39,48,0,admin,2003-12-27
williampessin@gmail.com,William Pessin,8569916523,be_btech,64,Fresher,Associate Engineer,42,43,95,60,0,admin,2003-12-27
scottadams@gmail.com,Scott Adams,8702304164,be_btech,70,Fresher,Associate Engineer,91,78,74,81,1,admin,2003-12-27
carolynjohnson@gmail.com,Carolyn Johnson,8170345708,be_btech,98,Fresher,Associate Engineer,48,75,86,70,1,admin,2003-12-27
gwenstone@gmail.com,Gwen Stone,8571477611,be_btech,93,Fresher,Associate Engineer,73,76,84,78,1,admin,2003-12-27
christophercortes@gmail.com,Christopher Cortes,7937220979,be_btech,88,Fresher,Associate Engineer,21,81,44,49,0,admin,2003-12-27
aprilriggs@gmail.com,April Riggs,8731783540,be_btech,62,Fresher,Associate Engineer,8,70,75,51,0,admin,2003-12-27
bettygreen@gmail.com,Betty Green,8418201531,be_btech,80,Fresher,Associate Engineer,17,66,71,52,0,admin,2003-12-27
gracelujan@gmail.com,Grace Lujan,8739364311,be_btech,69,Fresher,Associate Engineer,92,48,76,72,1,admin,2003-12-27
williamdixon@gmail.com,William Dixon,8733311002,be_btech,76,Fresher,Associate Engineer,97,51,51,67,0,hr2,2004-11-09
arturowilliams@gmail.com,Arturo Williams,8488169287,be_btech,72,Fresher,Associate Engineer,65,66,43,58,0,hr2,2004-11-09
loisthomson@gmail.com,Lois Thomson,8643415699,be_btech,77,Fresher,Associate Engineer,41,54,82,59,0,hr2,2004-11-09
franciscotorre@gmail.com,Francisco Torre,8591611379,be_btech,62,Fresher,Associate Engineer,13,53,79,49,0,hr2,2004-11-09
marvinparker@gmail.com,Marvin Parker,8676981942,be_btech,80,Fresher,Associate Engineer,83,53,30,56,0,hr2,2004-11-09
margaretmartines@gmail.com,Margaret Martines,8530902735,be_btech,87,Fresher,Associate Engineer,90,60,65,72,1,hr2,2004-11-09
jamesbrooks@gmail.com,James Brooks,8060177051,be_btech,79,Fresher,Associate Engineer,95,40,39,58,0,hr2,2004-11-09
kathleenjohnson@gmail.com,Kathleen Johnson,8573527044,be_btech,76,Fresher,Associate Engineer,86,71,92,83,1,hr2,2004-11-09
josephmoore@gmail.com,Joseph Moore,8274598758,be_btech,62,Fresher,Associate Engineer,87,46,84,73,1,hr2,2004-11-09
dianneintrieri@gmail.com,Dianne Intrieri,8253443560,be_btech,68,Fresher,Associate Engineer,45,43,56,48,0,hr2,2004-11-09
helenhollingsworth@gmail.com,Helen Hollingsworth,7928038911,be_btech,97,Fresher,Associate Engineer,79,45,32,52,0,hr2,2004-11-09
rosalower@gmail.com,Rosa Lower,8329619394,be_btech,89,Fresher,Associate Engineer,51,85,76,71,1,hr2,2004-11-09
elainehumphries@gmail.com,Elaine Humphries,8525650689,be_btech,82,Fresher,Associate Engineer,2,79,91,58,0,hr2,2004-11-09
vickyconnelly@gmail.com,Vicky Connelly,8509789443,be_btech,74,Fresher,Associate Engineer,52,65,76,65,0,hr2,2004-11-09
barbaralackey@gmail.com,Barbara Lackey,8548759196,be_btech,88,Fresher,Associate Engineer,43,53,68,55,0,hr2,2004-11-09
michellegibson@gmail.com,Michelle Gibson,7948687557,be_btech,61,Fresher,Associate Engineer,26,49,34,37,0,hr2,2004-11-09
boycezavala@gmail.com,Boyce Zavala,8403141295,be_btech,93,Fresher,Associate Engineer,8,39,61,36,0,hr2,2004-11-09
delsiekorn@gmail.com,Delsie Korn,8393461958,be_btech,90,Fresher,Associate Engineer,29,80,84,65,0,hr2,2004-11-09
harrykohl@gmail.com,Harry Kohl,7953313679,be_btech,94,Fresher,Associate Engineer,2,82,45,43,0,hr2,2004-11-09
alicetoney@gmail.com,Alice Toney,8153606854,be_btech,66,Fresher,Associate Engineer,37,83,47,56,0,hr2,2004-11-09
beatriceparker@gmail.com,Beatrice Parker,8337144234,be_btech,74,Fresher,Associate Engineer,35,59,55,50,0,hr2,2004-11-09
davidharms@gmail.com,David Harms,8479282774,be_btech,75,Fresher,Associate Engineer,0,69,74,48,0,hr2,2004-11-09
calvinhines@gmail.com,Calvin Hines,8413767899,be_btech,99,Fresher,Associate Engineer,49,40,91,60,0,hr2,2004-11-09
marcusluft@gmail.com,Marcus Luft,8571056128,be_btech,65,Fresher,Associate Engineer,79,60,50,63,0,hr2,2004-11-09
alisagarrison@gmail.com,Alisa Garrison,8676025681,be_btech,79,Fresher,Associate Engineer,24,47,31,34,0,hr2,2004-11-09
debramarker@gmail.com,Debra Marker,8249570997,be_btech,95,Fresher,Associate Engineer,82,60,72,72,1,hr2,2004-11-09
waynecampbell@gmail.com,Wayne Campbell,8142235566,be_btech,67,Fresher,Associate Engineer,41,61,42,48,0,hr2,2004-11-09
lesliesmith@gmail.com,Leslie Smith,7997827173,be_btech,63,Fresher,Associate Engineer,73,53,32,53,0,hr2,2004-11-09
laurencehelmes@gmail.com,Laurence Helmes,8188739859,be_btech,92,Fresher,Associate Engineer,15,81,73,57,0,hr2,2004-11-09
elizabethfurst@gmail.com,Elizabeth Furst,8190977673,be_btech,68,Fresher,Associate Engineer,33,63,38,45,0,hr2,2004-11-09
cristinawest@gmail.com,Cristina West,8309598406,be_btech,72,Fresher,Associate Engineer,72,32,69,58,0,hr2,2004-11-09
danieldavis@gmail.com,Daniel Davis,8509550425,be_btech,87,Fresher,Associate Engineer,2,40,81,41,0,hr2,2004-11-09
craigmeyers@gmail.com,Craig Meyers,8380607495,be_btech,70,Fresher,Associate Engineer,60,43,76,60,0,hr2,2004-11-09
donbouffard@gmail.com,Don Bouffard,8635946820,be_btech,71,Fresher,Associate Engineer,9,88,53,50,0,hr2,2004-11-09
stevenmckenzie@gmail.com,Steven Mckenzie,8703788781,be_btech,95,Fresher,Associate Engineer,15,63,32,37,0,hr2,2004-11-09
jackorem@gmail.com,Jack Orem,8546423101,be_btech,90,Fresher,Associate Engineer,61,35,84,60,0,hr2,2004-11-09
manuelcorral@gmail.com,Manuel Corral,7957540465,be_btech,94,Fresher,Associate Engineer,28,40,93,54,0,hr2,2004-11-09
jamesjones@gmail.com,James Jones,8368055449,be_btech,69,Fresher,Associate Engineer,91,49,87,76,1,hr2,2004-11-09
barbaravincent@gmail.com,Barbara Vincent,7995759351,be_btech,85,Fresher,Associate Engineer,94,42,37,58,0,hr2,2004-11-09
jeanettemiles@gmail.com,Jeanette Miles,8724260708,be_btech,96,Fresher,Associate Engineer,88,49,82,73,1,hr2,2004-11-09
brianlyle@gmail.com,Brian Lyle,8231516782,be_btech,63,Fresher,Associate Engineer,76,63,91,77,1,hr2,2004-11-09
martypina@gmail.com,Marty Pina,8443375206,be_btech,66,Fresher,Associate Engineer,74,55,57,62,0,hr2,2004-11-09
jeffreybanks@gmail.com,Jeffrey Banks,8641041868,be_btech,87,Fresher,Associate Engineer,49,50,70,57,0,hr2,2004-11-09
michaelcurry@gmail.com,Michael Curry,8355798448,be_btech,76,Fresher,Associate Engineer,31,50,60,47,0,hr2,2004-11-09
robertperson@gmail.com,Robert Person,8405468117,be_btech,71,Fresher,Associate Engineer,52,34,54,47,0,hr2,2004-11-09
jacquelineriegel@gmail.com,Jacqueline Riegel,8083088381,be_btech,88,Fresher,Associate Engineer,88,71,72,77,1,hr2,2004-11-09
curtiscummins@gmail.com,Curtis Cummins,8450720579,be_btech,95,Fresher,Associate Engineer,85,57,43,62,0,hr2,2004-11-09
nanettekunz@gmail.com,Nanette Kunz,8307187754,be_btech,70,Fresher,Associate Engineer,14,37,36,29,0,hr2,2004-11-09
susanawatson@gmail.com,Susana Watson,8122864122,be_btech,87,Fresher,Associate Engineer,79,61,67,69,0,hr2,2004-11-09
kennethrussell@gmail.com,Kenneth Russell,8333312167,be_btech,93,Fresher,Associate Engineer,74,58,94,76,1,hr2,2004-11-09
danielhamlin@gmail.com,Daniel Hamlin,8474718077,be_btech,85,Fresher,Associate Engineer,31,36,54,41,0,hr2,2004-11-09
richardolive@gmail.com,Richard Olive,8680548733,be_btech,86,Fresher,Associate Engineer,50,85,33,56,0,hr2,2004-11-09
miguelertel@gmail.com,Miguel Ertel,8658217342,be_btech,87,Fresher,Associate Engineer,69,65,42,59,0,hr2,2004-11-09
haroldfisher@gmail.com,Harold Fisher,8007181419,be_btech,85,Fresher,Associate Engineer,79,49,81,70,1,hr2,2004-11-09
derekgordon@gmail.com,Derek Gordon,8693910038,be_btech,71,Fresher,Associate Engineer,59,36,91,62,0,hr2,2004-11-09
rondahansen@gmail.com,Ronda Hansen,8241366647,be_btech,90,Fresher,Associate Engineer,44,70,61,59,0,hr2,2004-11-09
davidwilliams@gmail.com,David Williams,8743375845,be_btech,75,Fresher,Associate Engineer,36,62,82,60,0,hr2,2004-11-09
gloriawrigley@gmail.com,Gloria Wrigley,8087251965,be_btech,79,Fresher,Associate Engineer,100,62,62,75,1,hr2,2004-11-09
soniaeastman@gmail.com,Sonia Eastman,7954795516,be_btech,94,Fresher,Associate Engineer,85,84,53,74,1,hr2,2004-11-09
karengonzalez@gmail.com,Karen Gonzalez,8064928789,be_btech,77,Fresher,Associate Engineer,6,84,56,49,0,hr2,2004-11-09
manuelastengle@gmail.com,Manuela Stengle,8417777719,be_btech,95,Fresher,Associate Engineer,95,43,71,70,1,hr2,2004-11-09
brandonmacpherson@gmail.com,Brandon Macpherson,8135376946,be_btech,74,Fresher,Associate Engineer,11,58,90,53,0,hr2,2004-11-09
richardgoff@gmail.com,Richard Goff,8512799171,be_btech,83,Fresher,Associate Engineer,54,37,92,61,0,hr2,2004-11-09
boydbattle@gmail.com,Boyd Battle,8466974304,be_btech,95,Fresher,Associate Engineer,16,87,49,51,0,hr2,2004-11-09
jamesmoshier@gmail.com,James Moshier,8390713673,be_btech,81,Fresher,Associate Engineer,56,42,89,63,0,hr2,2004-11-09
stevefeazel@gmail.com,Steve Feazel,8477877548,be_btech,68,Fresher,Associate Engineer,94,47,89,77,1,hr2,2004-11-09
codywhipple@gmail.com,Cody Whipple,8783452547,be_btech,65,Fresher,Associate Engineer,89,61,74,75,1,hr2,2004-11-09
georgesolt@gmail.com,George Solt,7962571772,be_btech,71,Fresher,Associate Engineer,64,52,44,54,0,hr2,2004-11-09
patriciamoorhead@gmail.com,Patricia Moorhead,7934624463,be_btech,96,Fresher,Associate Engineer,70,77,64,71,1,hr2,2004-11-09
mildredmonson@gmail.com,Mildred Monson,8243377078,be_btech,73,Fresher,Associate Engineer,26,81,82,63,0,hr2,2004-11-09
cynthiatinsley@gmail.com,Cynthia Tinsley,7920889227,be_btech,63,Fresher,Associate Engineer,1,71,92,55,0,hr2,2004-11-09
cherylcornell@gmail.com,Cheryl Cornell,8053727088,be_btech,76,Fresher,Associate Engineer,67,90,59,72,1,hr2,2004-11-09
williamwilliams@gmail.com,William Williams,7887982664,be_btech,88,Fresher,Associate Engineer,29,30,58,39,0,hr2,2004-11-09
jamaallaigo@gmail.com,Jamaal Laigo,8371044131,be_btech,91,Fresher,Associate Engineer,30,88,33,51,0,hr2,2004-11-09
rossschultz@gmail.com,Ross Schultz,8567254667,be_btech,90,Fresher,Associate Engineer,94,42,61,66,0,hr2,2004-11-09
johngastelum@gmail.com,John Gastelum,7905132524,be_btech,86,Fresher,Associate Engineer,79,38,74,64,0,hr2,2004-11-09
peterhawkins@gmail.com,Peter Hawkins,8582176811,be_btech,98,Fresher,Associate Engineer,82,49,49,60,0,hr2,2004-11-09
denisekirkman@gmail.com,Denise Kirkman,8241169429,be_btech,87,Fresher,Associate Engineer,53,47,55,52,0,hr2,2004-11-09
gwendolynsantillo@gmail.com,Gwendolyn Santillo,8721541426,be_btech,77,Fresher,Associate Engineer,80,68,50,66,0,hr2,2004-11-09
larrybrown@gmail.com,Larry Brown,8179036916,be_btech,64,Fresher,Associate Engineer,10,44,31,29,0,hr2,2004-11-09
garygreen@gmail.com,Gary Green,8127934520,be_btech,64,Fresher,Associate Engineer,50,30,67,49,0,hr2,2004-11-09
bettythomas@gmail.com,Betty Thomas,8427927667,be_btech,90,Fresher,Associate Engineer,86,88,85,87,1,hr2,2004-11-09
johnlynn@gmail.com,John Lynn,8227696682,be_btech,77,Fresher,Associate Engineer,11,67,85,55,0,hr2,2004-11-09
frankchurchill@gmail.com,Frank Churchill,8404272057,be_btech,90,Fresher,Associate Engineer,72,50,31,51,0,hr2,2004-11-09
laurenbateman@gmail.com,Lauren Bateman,8397505946,be_btech,92,Fresher,Associate Engineer,99,54,34,63,0,hr2,2004-11-09
vernonclemons@gmail.com,Vernon Clemons,8681269638,be_btech,69,Fresher,Associate Engineer,90,52,58,67,0,hr2,2004-11-09
alfredclow@gmail.com,Alfred Clow,8177089408,be_btech,98,Fresher,Associate Engineer,67,80,80,76,1,hr2,2004-11-09
ethelscordato@gmail.com,Ethel Scordato,8775270270,be_btech,62,Fresher,Associate Engineer,28,80,39,49,0,hr2,2004-11-09
arthurmiller@gmail.com,Arthur Miller,8745442546,be_btech,89,Fresher,Associate Engineer,33,54,61,50,0,hr2,2004-11-09
jasonazure@gmail.com,Jason Azure,8601515039,be_btech,66,Fresher,Associate Engineer,29,30,94,51,0,hr2,2004-11-09
jeanniedale@gmail.com,Jeannie Dale,8209774223,be_btech,83,Fresher,Associate Engineer,24,31,52,36,0,hr2,2004-11-09
natalieshyne@gmail.com,Natalie Shyne,8417836464,be_btech,96,Fresher,Associate Engineer,21,77,59,53,0,hr2,2004-11-09
nicolashardie@gmail.com,Nicolas Hardie,8364005719,be_btech,95,Fresher,Associate Engineer,63,53,43,53,0,hr2,2004-11-09
jacobmcmullen@gmail.com,Jacob Mcmullen,8417962694,be_btech,68,Fresher,Associate Engineer,62,63,87,71,1,hr2,2004-11-09
annetteflorentino@gmail.com,Annette Florentino,8176836757,be_btech,75,Fresher,Associate Engineer,56,39,42,46,0,hr2,2004-11-09
maryettafisk@gmail.com,Maryetta Fisk,8413710074,be_btech,78,Fresher,Associate Engineer,1,81,60,48,0,hr2,2004-11-09
iancampbell@gmail.com,Ian Campbell,8262447411,be_btech,79,Fresher,Associate Engineer,59,84,37,60,0,hr2,2004-11-09
dorisearl@gmail.com,Doris Earl,8089640256,be_btech,90,Fresher,Associate Engineer,56,64,65,62,0,hr2,2004-11-09
eldaharris@gmail.com,Elda Harris,8183263080,be_btech,64,Fresher,Associate Engineer,34,71,89,65,0,hr2,2004-11-09
adelatrotter@gmail.com,Adela Trotter,8000574684,be_btech,67,Fresher,Associate Engineer,61,51,82,65,0,hr2,2004-11-09
romeliakirchoff@gmail.com,Romelia Kirchoff,8010190737,be_btech,77,Fresher,Associate Engineer,73,40,44,53,0,hr2,2004-11-09
tyronebaldridge@gmail.com,Tyrone Baldridge,8773958852,be_btech,79,Fresher,Associate Engineer,4,38,49,31,0,hr_prem,2005-10-21
adamking@gmail.com,Adam King,8586907801,be_btech,91,Fresher,Associate Engineer,35,89,67,64,0,hr_prem,2005-10-21
alanwagner@gmail.com,Alan Wagner,8507088475,be_btech,71,Fresher,Associate Engineer,34,70,76,60,0,hr_prem,2005-10-21
megancano@gmail.com,Megan Cano,8109543303,be_btech,99,Fresher,Associate Engineer,73,67,90,77,1,hr_prem,2005-10-21
ronalddwyer@gmail.com,Ronald Dwyer,8733895676,be_btech,83,Fresher,Associate Engineer,37,65,65,56,0,hr_prem,2005-10-21
frederickturner@gmail.com,Frederick Turner,8152696004,be_btech,81,Fresher,Associate Engineer,4,65,67,46,0,hr_prem,2005-10-21
mariaokamoto@gmail.com,Maria Okamoto,7970096121,be_btech,67,Fresher,Associate Engineer,44,89,89,74,1,hr_prem,2005-10-21
timothybrantley@gmail.com,Timothy Brantley,8778695403,be_btech,75,Fresher,Associate Engineer,88,65,75,76,1,hr_prem,2005-10-21
ernestoschaffert@gmail.com,Ernesto Schaffert,8779953615,be_btech,68,Fresher,Associate Engineer,24,81,51,52,0,hr_prem,2005-10-21
jamesknox@gmail.com,James Knox,8279535041,be_btech,86,Fresher,Associate Engineer,15,61,76,51,0,hr_prem,2005-10-21
felicialepore@gmail.com,Felicia Lepore,8274734323,be_btech,99,Fresher,Associate Engineer,75,57,84,72,1,hr_prem,2005-10-21
jennifersterling@gmail.com,Jennifer Sterling,8097278370,be_btech,65,Fresher,Associate Engineer,41,76,87,68,0,hr_prem,2005-10-21
paulaevans@gmail.com,Paula Evans,8646573484,be_btech,66,Fresher,Associate Engineer,92,30,71,65,0,hr_prem,2005-10-21
leahwalker@gmail.com,Leah Walker,8780548702,be_btech,91,Fresher,Associate Engineer,82,34,71,63,0,hr_prem,2005-10-21
sammyblackburn@gmail.com,Sammy Blackburn,8544969253,be_btech,81,Fresher,Associate Engineer,65,66,37,56,0,hr_prem,2005-10-21
veronicajung@gmail.com,Veronica Jung,8566488871,be_btech,83,Fresher,Associate Engineer,71,86,56,71,1,hr_prem,2005-10-21
maryaustin@gmail.com,Mary Austin,8540956711,be_btech,81,Fresher,Associate Engineer,28,76,55,53,0,hr_prem,2005-10-21
lorabryan@gmail.com,Lora Bryan,8167792444,be_btech,61,Fresher,Associate Engineer,28,57,71,52,0,hr_prem,2005-10-21
lisadavis@gmail.com,Lisa Davis,7984791267,be_btech,90,Fresher,Associate Engineer,12,31,31,25,0,hr_prem,2005-10-21
theresaedwards@gmail.com,Theresa Edwards,8197109144,be_btech,89,Fresher,Associate Engineer,26,69,69,55,0,hr_prem,2005-10-21
rhodatillman@gmail.com,Rhoda Tillman,8027287185,be_btech,82,Fresher,Associate Engineer,23,48,49,40,0,hr_prem,2005-10-21
lindahorn@gmail.com,Linda Horn,7983317973,be_btech,91,Fresher,Associate Engineer,10,58,89,53,0,hr_prem,2005-10-21
byronhicks@gmail.com,Byron Hicks,8272171235,be_btech,70,Fresher,Associate Engineer,35,40,84,53,0,hr_prem,2005-10-21
christinagiardina@gmail.com,Christina Giardina,8088394237,be_btech,77,Fresher,Associate Engineer,70,71,84,75,1,hr_prem,2005-10-21
donnabecton@gmail.com,Donna Becton,8175808163,be_btech,90,Fresher,Associate Engineer,66,46,91,68,0,hr_prem,2005-10-21
davidscheffler@gmail.com,David Scheffler,8441742879,be_btech,97,Fresher,Associate Engineer,4,72,31,36,0,hr_prem,2005-10-21
mariawest@gmail.com,Maria West,8640296500,be_btech,62,Fresher,Associate Engineer,53,37,92,61,0,hr_prem,2005-10-21
felixsutton@gmail.com,Felix Sutton,7961465584,be_btech,63,Fresher,Associate Engineer,15,82,35,44,0,hr_prem,2005-10-21
bernardbray@gmail.com,Bernard Bray,8149217218,be_btech,61,Fresher,Associate Engineer,88,65,78,77,1,hr_prem,2005-10-21
kevinturgeon@gmail.com,Kevin Turgeon,8719034172,be_btech,99,Fresher,Associate Engineer,53,89,60,68,0,hr_prem,2005-10-21
georgemoore@gmail.com,George Moore,8493585333,be_btech,84,Fresher,Associate Engineer,46,65,39,50,0,hr_prem,2005-10-21
phyllisholden@gmail.com,Phyllis Holden,8360128586,be_btech,73,Fresher,Associate Engineer,79,39,52,57,0,hr_prem,2005-10-21
kelleywilson@gmail.com,Kelley Wilson,8382603996,be_btech,90,Fresher,Associate Engineer,39,89,58,62,0,hr_prem,2005-10-21
maureenharr@gmail.com,Maureen Harr,8058358576,be_btech,98,Fresher,Associate Engineer,22,82,69,58,0,hr_prem,2005-10-21
victoriahorton@gmail.com,Victoria Horton,8634101750,be_btech,73,Fresher,Associate Engineer,70,67,46,61,0,hr_prem,2005-10-21
daisyparker@gmail.com,Daisy Parker,8189215927,be_btech,84,Fresher,Associate Engineer,59,65,38,54,0,hr_prem,2005-10-21
rolandophillips@gmail.com,Rolando Phillips,8320016135,be_btech,74,Fresher,Associate Engineer,3,61,61,42,0,hr_prem,2005-10-21
peterpeterson@gmail.com,Peter Peterson,8393198903,be_btech,84,Fresher,Associate Engineer,32,37,54,41,0,hr_prem,2005-10-21
edithwoolsey@gmail.com,Edith Woolsey,8418121598,be_btech,98,Fresher,Associate Engineer,79,49,92,74,0,hr_prem,2005-10-21
richardbeller@gmail.com,Richard Beller,8529859149,be_btech,89,Fresher,Associate Engineer,7,44,84,45,0,hr_prem,2005-10-21
janethern@gmail.com,Janet Hern,8427433587,be_btech,72,Fresher,Associate Engineer,63,84,53,67,0,hr_prem,2005-10-21
myrnaking@gmail.com,Myrna King,7878317935,be_btech,82,Fresher,Associate Engineer,57,85,62,68,0,hr_prem,2005-10-21
andraota@gmail.com,Andra Ota,8191766039,be_btech,89,Fresher,Associate Engineer,63,36,40,47,0,hr_prem,2005-10-21
patriciahartman@gmail.com,Patricia Hartman,8154411806,be_btech,77,Fresher,Associate Engineer,70,49,36,52,0,hr_prem,2005-10-21
leoncimino@gmail.com,Leon Cimino,8186292116,be_btech,66,Fresher,Associate Engineer,65,36,81,61,0,hr_prem,2005-10-21
yolandaoliva@gmail.com,Yolanda Oliva,8663436448,be_btech,80,Fresher,Associate Engineer,38,65,51,52,0,hr_prem,2005-10-21
traceyyoung@gmail.com,Tracey Young,8298700308,be_btech,73,Fresher,Associate Engineer,21,74,93,63,0,hr_prem,2005-10-21
melindabryan@gmail.com,Melinda Bryan,8212176665,be_btech,96,Fresher,Associate Engineer,48,86,85,73,1,hr_prem,2005-10-21
minnieboisvert@gmail.com,Minnie Boisvert,8360862536,be_btech,65,Fresher,Associate Engineer,59,60,83,68,0,hr_prem,2005-10-21
wandabryant@gmail.com,Wanda Bryant,8629676965,be_btech,92,Fresher,Associate Engineer,5,77,93,59,0,hr_prem,2005-10-21
kimberlyhogue@gmail.com,Kimberly Hogue,8269160463,be_btech,63,Fresher,Associate Engineer,35,79,66,60,0,hr_prem,2005-10-21
jamesjackson@gmail.com,James Jackson,8602679052,be_btech,92,Fresher,Associate Engineer,67,65,54,62,0,hr_prem,2005-10-21
terrykaplan@gmail.com,Terry Kaplan,8497591433,be_btech,82,Fresher,Associate Engineer,84,72,63,73,1,hr_prem,2005-10-21
robertmccully@gmail.com,Robert Mccully,8758986340,be_btech,93,Fresher,Associate Engineer,64,47,85,66,0,hr_prem,2005-10-21
christopherharris@gmail.com,Christopher Harris,8274090617,be_btech,72,Fresher,Associate Engineer,89,58,90,79,1,hr_prem,2005-10-21
christopherwinston@gmail.com,Christopher Winston,8302640798,be_btech,83,Fresher,Associate Engineer,6,63,92,54,0,hr_prem,2005-10-21
williamchestnut@gmail.com,William Chestnut,7986201895,be_btech,73,Fresher,Associate Engineer,100,75,32,69,0,hr_prem,2005-10-21
efrainzavala@gmail.com,Efrain Zavala,7954859999,be_btech,91,Fresher,Associate Engineer,7,89,62,53,0,hr_prem,2005-10-21
williamfoote@gmail.com,William Foote,8481968163,be_btech,66,Fresher,Associate Engineer,20,46,58,42,0,hr_prem,2005-10-21
emilyjaegers@gmail.com,Emily Jaegers,8441863711,be_btech,91,Fresher,Associate Engineer,33,68,87,63,0,hr_prem,2005-10-21
murielkerr@gmail.com,Muriel Kerr,8671547072,be_btech,95,Fresher,Associate Engineer,14,60,31,35,0,hr_prem,2005-10-21
claytonramirez@gmail.com,Clayton Ramirez,8021586323,be_btech,92,Fresher,Associate Engineer,59,32,51,48,0,hr_asim,2006-07-10
rubenlambert@gmail.com,Ruben Lambert,7912752525,be_btech,65,Fresher,Associate Engineer,90,57,32,60,0,hr_asim,2006-07-10
theresamaltie@gmail.com,Theresa Maltie,8674725771,be_btech,89,Fresher,Associate Engineer,85,52,69,69,0,hr_asim,2006-07-10
frankgunderson@gmail.com,Frank Gunderson,7876421765,be_btech,90,Fresher,Associate Engineer,19,61,65,49,0,hr_asim,2006-07-10
blairsteed@gmail.com,Blair Steed,8717547775,be_btech,78,Fresher,Associate Engineer,22,61,80,55,0,hr_asim,2006-07-10
kimberleycohen@gmail.com,Kimberley Cohen,8039983087,be_btech,64,Fresher,Associate Engineer,72,85,90,83,1,hr_asim,2006-07-10
cynthiapayne@gmail.com,Cynthia Payne,8407477656,be_btech,66,Fresher,Associate Engineer,77,54,89,74,1,hr_asim,2006-07-10
arlenegillespie@gmail.com,Arlene Gillespie,8234495212,be_btech,67,Fresher,Associate Engineer,26,88,73,63,0,hr_asim,2006-07-10
dorcaswilliams@gmail.com,Dorcas Williams,8668828924,be_btech,87,Fresher,Associate Engineer,83,85,39,69,0,hr_asim,2006-07-10
nicholasstancil@gmail.com,Nicholas Stancil,8490656164,be_btech,77,Fresher,Associate Engineer,76,30,78,62,0,hr_asim,2006-07-10
lorrieckman@gmail.com,Lorri Eckman,8365143955,be_btech,89,Fresher,Associate Engineer,57,70,41,56,0,hr_asim,2006-07-10
davidwood@gmail.com,David Wood,8584116867,be_btech,79,Fresher,Associate Engineer,6,60,79,49,0,hr_asim,2006-07-10
mariabourget@gmail.com,Maria Bourget,7889414953,be_btech,64,Fresher,Associate Engineer,6,30,92,43,0,hr_asim,2006-07-10
georgegotch@gmail.com,George Gotch,8232048088,be_btech,90,Fresher,Associate Engineer,55,74,84,71,1,hr_asim,2006-07-10
lloydford@gmail.com,Lloyd Ford,8008368177,be_btech,67,Fresher,Associate Engineer,71,58,48,59,0,hr_asim,2006-07-10
jackjohnson@gmail.com,Jack Johnson,8196582587,be_btech,78,Fresher,Associate Engineer,76,63,45,62,0,hr_asim,2006-07-10
angelbaker@gmail.com,Angel Baker,8626880941,be_btech,64,Fresher,Associate Engineer,3,68,52,41,0,hr_asim,2006-07-10
nelliebaker@gmail.com,Nellie Baker,8329961714,be_btech,96,Fresher,Associate Engineer,67,76,84,76,1,hr_asim,2006-07-10
lisamuller@gmail.com,Lisa Muller,8203030537,be_btech,88,Fresher,Associate Engineer,5,85,86,59,0,hr_asim,2006-07-10
brianburch@gmail.com,Brian Burch,8505516304,be_btech,73,Fresher,Associate Engineer,0,59,32,31,0,hr_asim,2006-07-10
terrygutierrez@gmail.com,Terry Gutierrez,8379173642,be_btech,70,Fresher,Associate Engineer,18,67,60,49,0,hr_asim,2006-07-10
sharonjones@gmail.com,Sharon Jones,8029815817,be_btech,72,Fresher,Associate Engineer,24,80,80,62,0,hr_asim,2006-07-10
ednawilliams@gmail.com,Edna Williams,8571199087,be_btech,93,Fresher,Associate Engineer,5,55,41,34,0,hr_asim,2006-07-10
jamesdodson@gmail.com,James Dodson,8470797893,be_btech,91,Fresher,Associate Engineer,4,66,31,34,0,hr_asim,2006-07-10
kathyharris@gmail.com,Kathy Harris,8718832833,be_btech,98,Fresher,Associate Engineer,33,55,66,52,0,hr_asim,2006-07-10
neilsheckler@gmail.com,Neil Sheckler,8277755657,be_btech,61,Fresher,Associate Engineer,36,57,49,48,0,hr_asim,2006-07-10
staceypostell@gmail.com,Stacey Postell,8022569323,be_btech,93,Fresher,Associate Engineer,12,54,82,50,0,hr_asim,2006-07-10
donnacross@gmail.com,Donna Cross,7886365891,be_btech,94,Fresher,Associate Engineer,78,40,60,60,0,hr_asim,2006-07-10
lynnebrown@gmail.com,Lynne Brown,8131314612,be_btech,64,Fresher,Associate Engineer,8,34,66,36,0,hr_asim,2006-07-10
roberthambric@gmail.com,Robert Hambric,8462273154,be_btech,98,Fresher,Associate Engineer,59,75,50,62,0,hr_asim,2006-07-10
ernestoparmley@gmail.com,Ernesto Parmley,8384858510,be_btech,65,Fresher,Associate Engineer,48,60,84,64,0,hr_asim,2006-07-10
kristimooney@gmail.com,Kristi Mooney,7918912553,be_btech,65,Fresher,Associate Engineer,43,54,45,48,0,hr_asim,2006-07-10
billyjung@gmail.com,Billy Jung,8587713150,be_btech,94,Fresher,Associate Engineer,81,35,50,56,0,hr_asim,2006-07-10
richardmillion@gmail.com,Richard Million,8610908561,be_btech,99,Fresher,Associate Engineer,42,89,63,65,0,hr_asim,2006-07-10
tracysangi@gmail.com,Tracy Sangi,8632260795,be_btech,81,Fresher,Associate Engineer,74,30,73,59,0,hr_asim,2006-07-10
carlosyoung@gmail.com,Carlos Young,8132931541,be_btech,76,Fresher,Associate Engineer,51,65,90,69,0,hr_asim,2006-07-10
jannaharris@gmail.com,Janna Harris,8114026311,be_btech,96,Fresher,Associate Engineer,77,79,95,84,1,hr_asim,2006-07-10
idaholman@gmail.com,Ida Holman,8074559518,be_btech,78,Fresher,Associate Engineer,53,80,34,56,0,hr_asim,2006-07-10
ednahodge@gmail.com,Edna Hodge,8759843701,be_btech,74,Fresher,Associate Engineer,83,51,34,56,0,hr_asim,2006-07-10
sandrapurdy@gmail.com,Sandra Purdy,8011324904,be_btech,86,Fresher,Associate Engineer,93,47,84,75,1,hr_asim,2006-07-10
lestergaytan@gmail.com,Lester Gaytan,8518599969,be_btech,87,Fresher,Associate Engineer,51,41,39,44,0,hr_asim,2006-07-10
kennethgigliotti@gmail.com,Kenneth Gigliotti,8054753539,be_btech,83,Fresher,Associate Engineer,13,72,53,46,0,hr_asim,2006-07-10
teresamartinez@gmail.com,Teresa Martinez,8232492474,be_btech,70,Fresher,Associate Engineer,67,54,46,56,0,hr_asim,2006-07-10
kristinaburbridge@gmail.com,Kristina Burbridge,7992612257,be_btech,86,Fresher,Associate Engineer,31,67,35,45,0,hr_asim,2006-07-10
ingridreid@gmail.com,Ingrid Reid,8476546401,be_btech,62,Fresher,Associate Engineer,24,40,58,41,0,hr_asim,2006-07-10
rayelockhart@gmail.com,Raye Lockhart,8005855975,be_btech,68,Fresher,Associate Engineer,18,37,77,44,0,hr_asim,2006-07-10
tiffanylangholz@gmail.com,Tiffany Langholz,8609066838,be_btech,93,Fresher,Associate Engineer,0,48,50,33,0,hr_asim,2006-07-10
cherylmyers@gmail.com,Cheryl Myers,8680156274,be_btech,62,Fresher,Associate Engineer,87,36,94,73,1,hr_asim,2006-07-10
alexandersoto@gmail.com,Alexander Soto,8125357013,be_btech,75,Fresher,Associate Engineer,68,78,82,76,1,hr_asim,2006-07-10
shelleybyrd@gmail.com,Shelley Byrd,8520998741,be_btech,87,Fresher,Associate Engineer,53,40,86,60,0,hr_asim,2006-07-10
ryanartis@gmail.com,Ryan Artis,8281927092,be_btech,98,Fresher,Associate Engineer,90,77,45,71,1,hr_asim,2006-07-10
annwilliams@gmail.com,Ann Williams,8048146216,be_btech,66,Fresher,Associate Engineer,93,74,51,73,1,hr_asim,2006-07-10
larryeugene@gmail.com,Larry Eugene,8228691931,be_btech,67,Fresher,Associate Engineer,67,42,47,52,0,hr_asim,2006-07-10
ruthbruner@gmail.com,Ruth Bruner,8016071917,be_btech,72,Fresher,Associate Engineer,7,84,74,55,0,hr_asim,2006-07-10
amyrivera@gmail.com,Amy Rivera,8071366891,be_btech,83,Fresher,Associate Engineer,98,62,32,64,0,hr_asim,2006-07-10
wayneyoung@gmail.com,Wayne Young,7963460971,be_btech,88,Fresher,Associate Engineer,82,77,34,65,0,hr_asim,2006-07-10
josephjay@gmail.com,Joseph Jay,8268815664,be_btech,81,Fresher,Associate Engineer,36,53,66,52,0,hr_asim,2006-07-10
davidsees@gmail.com,David Sees,8230529284,be_btech,67,Fresher,Associate Engineer,97,36,53,62,0,hr_asim,2006-07-10
tomkilleen@gmail.com,Tom Killeen,8651569837,be_btech,92,Fresher,Associate Engineer,40,44,71,52,0,hr_asim,2006-07-10
sandrahoover@gmail.com,Sandra Hoover,7895808782,be_btech,95,Fresher,Associate Engineer,26,87,30,48,0,hr_asim,2006-07-10
larrymyers@gmail.com,Larry Myers,7965586495,be_btech,92,Fresher,Associate Engineer,50,36,87,58,0,hr_asim,2006-07-10
irenebeck@gmail.com,Irene Beck,8269832546,be_btech,81,Fresher,Associate Engineer,86,30,70,62,0,hr_asim,2006-07-10
maxinelee@gmail.com,Maxine Lee,8211739288,be_btech,73,Fresher,Associate Engineer,92,88,38,73,1,hr_asim,2006-07-10
timothyfain@gmail.com,Timothy Fain,8303674646,be_btech,87,Fresher,Associate Engineer,19,73,43,45,0,hr_asim,2006-07-10
brittanypatterson@gmail.com,Brittany Patterson,8668023259,be_btech,91,Fresher,Associate Engineer,9,31,93,45,0,hr_asim,2006-07-10
rubyeverett@gmail.com,Ruby Everett,8775253367,be_btech,67,Fresher,Associate Engineer,74,56,61,64,0,hr_asim,2006-07-10
raymondkaminski@gmail.com,Raymond Kaminski,8671740407,be_btech,83,Fresher,Associate Engineer,21,63,55,47,0,hr_asim,2006-07-10
minnietwitty@gmail.com,Minnie Twitty,8489149086,be_btech,80,Fresher,Associate Engineer,51,81,94,76,1,hr_asim,2006-07-10
jessiebarry@gmail.com,Jessie Barry,8198755384,be_btech,79,Fresher,Associate Engineer,2,79,32,38,0,hr_asim,2006-07-10
stephenmelendez@gmail.com,Stephen Melendez,8055120208,be_btech,81,Fresher,Associate Engineer,84,51,83,73,1,hr_asim,2006-07-10
beverlywright@gmail.com,Beverly Wright,8425603556,be_btech,78,Fresher,Associate Engineer,91,37,36,55,0,hr_asim,2006-07-10
alfredlewis@gmail.com,Alfred Lewis,8462348195,be_btech,73,Fresher,Associate Engineer,83,53,52,63,0,hr_asim,2006-07-10
harryvalado@gmail.com,Harry Valado,7885586966,be_btech,79,Fresher,Associate Engineer,59,66,31,52,0,hr_asim,2006-07-10
luladiver@gmail.com,Lula Diver,7934796724,be_btech,67,Fresher,Associate Engineer,70,65,94,77,1,hr_asim,2006-07-10
miltonrobinson@gmail.com,Milton Robinson,7956287890,be_btech,68,Fresher,Associate Engineer,48,76,30,52,0,hr_asim,2006-07-10
michealturner@gmail.com,Micheal Turner,8442612866,be_btech,95,Fresher,Associate Engineer,55,71,60,62,0,hr_asim,2006-07-10
rebeccasmith@gmail.com,Rebecca Smith,8167817428,be_btech,74,Fresher,Associate Engineer,52,58,74,62,0,hr_asim,2006-07-10
wendysmith@gmail.com,Wendy Smith,7876234830,be_btech,80,Fresher,Associate Engineer,64,57,80,67,0,hr_asim,2006-07-10
juliacasto@gmail.com,Julia Casto,8610488469,be_btech,86,Fresher,Associate Engineer,28,46,42,39,0,hr_asim,2006-07-10
gerrycampbell@gmail.com,Gerry Campbell,8300423316,be_btech,90,Fresher,Associate Engineer,39,86,92,73,1,hr_asim,2006-07-10
davidgoldberg@gmail.com,David Goldberg,8406756309,be_btech,78,Fresher,Associate Engineer,64,37,33,45,0,hr_asim,2006-07-10
albertcannon@gmail.com,Albert Cannon,8351191410,be_btech,83,Fresher,Associate Engineer,25,73,54,51,0,hr_asim,2006-07-10
stephenmedrano@gmail.com,Stephen Medrano,8017610751,be_btech,75,Fresher,Associate Engineer,25,75,36,46,0,hr_asim,2006-07-10
kristinonusko@gmail.com,Kristin Onusko,7952454465,be_btech,82,Fresher,Associate Engineer,87,56,40,61,0,hr_asim,2006-07-10
lonnabeacham@gmail.com,Lonna Beacham,8118507783,be_btech,95,Fresher,Associate Engineer,58,37,50,49,0,hr_asim,2006-07-10
charlessalgado@gmail.com,Charles Salgado,8424162437,be_btech,76,Fresher,Associate Engineer,49,33,43,42,0,hr_asim,2006-07-10
shirleymensing@gmail.com,Shirley Mensing,8227056136,be_btech,62,Fresher,Associate Engineer,39,40,51,44,0,hr_asim,2006-07-10
shelleyharbin@gmail.com,Shelley Harbin,8536815753,be_btech,83,Fresher,Associate Engineer,9,73,58,47,0,hr_asim,2006-07-10
fredrickjohnson@gmail.com,Fredrick Johnson,8238933382,be_btech,76,Fresher,Associate Engineer,72,38,85,65,0,hr_asim,2006-07-10
katrinafox@gmail.com,Katrina Fox,8405807736,be_btech,70,Fresher,Associate Engineer,92,30,65,63,0,hr_asim,2006-07-10
benjaminmaddox@gmail.com,Benjamin Maddox,8590806707,be_btech,81,Fresher,Associate Engineer,54,66,48,56,0,hr_asim,2006-07-10
cindyrucker@gmail.com,Cindy Rucker,8487294205,be_btech,82,Fresher,Associate Engineer,84,58,50,64,0,hr_asim,2006-07-10
elizabethdrake@gmail.com,Elizabeth Drake,8037333187,be_btech,76,Fresher,Associate Engineer,64,35,51,50,0,hr_asim,2006-07-10
richardmatson@gmail.com,Richard Matson,8269184429,be_btech,71,Fresher,Associate Engineer,34,51,52,46,0,hr_asim,2006-07-10
jessicamiller@gmail.com,Jessica Miller,7952539815,be_btech,62,Fresher,Associate Engineer,37,69,73,60,0,hr_asim,2006-07-10
katiewilliams@gmail.com,Katie Williams,8054567317,be_btech,68,Fresher,Associate Engineer,41,80,42,55,0,hr_asim,2006-07-10
chrystalmartinez@gmail.com,Chrystal Martinez,7877144194,be_btech,66,Fresher,Associate Engineer,73,86,43,68,0,hr_asim,2006-07-10
candyborovec@gmail.com,Candy Borovec,8086191140,be_btech,97,Fresher,Associate Engineer,66,77,74,73,1,hr_asim,2006-07-10
johngalvan@gmail.com,John Galvan,7904154336,be_btech,74,Fresher,Associate Engineer,10,77,41,43,0,hr_asim,2006-07-10
johnrhoden@gmail.com,John Rhoden,8652313670,be_btech,69,Fresher,Associate Engineer,85,89,60,78,1,hr_asim,2006-07-10
colleengoodwin@gmail.com,Colleen Goodwin,8534532802,be_btech,77,Fresher,Associate Engineer,32,73,35,47,0,hr_asim,2006-07-10
williamhernandez@gmail.com,William Hernandez,8480071391,be_btech,74,Fresher,Associate Engineer,40,65,81,62,0,hr_asim,2006-07-10
hyunluker@gmail.com,Hyun Luker,8015252997,be_btech,67,Fresher,Associate Engineer,11,49,91,51,0,hr_asim,2006-07-10
suemccalmont@gmail.com,Sue Mccalmont,8276236187,be_btech,61,Fresher,Associate Engineer,96,80,50,76,1,hr_asim,2006-07-10
raymondtemple@gmail.com,Raymond Temple,8555810260,be_btech,76,Fresher,Associate Engineer,93,49,62,68,0,hr_asim,2006-07-10
jonkoch@gmail.com,Jon Koch,8273378423,be_btech,73,Fresher,Associate Engineer,68,87,59,72,1,hr_asim,2006-07-10
borishollowell@gmail.com,Boris Hollowell,7947352404,be_btech,92,Fresher,Associate Engineer,95,32,86,71,0,hr_asim,2006-07-10
melissamontes@gmail.com,Melissa Montes,7983168483,be_btech,84,Fresher,Associate Engineer,49,42,61,51,0,hr_asim,2006-07-10
ryancrosby@gmail.com,Ryan Crosby,8545785199,be_btech,82,Fresher,Associate Engineer,15,35,32,28,0,hr_asim,2006-07-10
cynthiaguidry@gmail.com,Cynthia Guidry,8233220131,be_btech,72,Fresher,Associate Engineer,13,63,33,37,0,hr_asim,2006-07-10
jenniferwallace@gmail.com,Jennifer Wallace,7978984338,be_btech,73,Fresher,Associate Engineer,45,37,84,56,0,hr_asim,2006-07-10
janicedeibel@gmail.com,Janice Deibel,8378676172,be_btech,71,Fresher,Associate Engineer,68,88,77,78,1,hr_asim,2006-07-10
jeffshort@gmail.com,Jeff Short,8533500645,be_btech,77,Fresher,Associate Engineer,67,77,38,61,0,hr_asim,2006-07-10
chrisbradshaw@gmail.com,Chris Bradshaw,8266234141,be_btech,80,Fresher,Associate Engineer,66,69,31,56,0,hr_asim,2006-07-10
jamesalcaraz@gmail.com,James Alcaraz,8036127814,be_btech,97,Fresher,Associate Engineer,89,70,88,83,1,hr_asim,2006-07-10
letajenkins@gmail.com,Leta Jenkins,7980014446,be_btech,80,Fresher,Associate Engineer,21,74,91,62,0,hr_asim,2006-07-10
daniellewilliams@gmail.com,Danielle Williams,8172059126,be_btech,62,Fresher,Associate Engineer,35,68,79,61,0,hr_asim,2006-07-10
gussielara@gmail.com,Gussie Lara,8695546226,be_btech,61,Fresher,Associate Engineer,39,45,66,50,0,hr_asim,2006-07-10
kennethmoore@gmail.com,Kenneth Moore,8231014873,be_btech,72,Fresher,Associate Engineer,12,38,87,46,0,hr_asim,2006-07-10
mosessulc@gmail.com,Moses Sulc,8308616335,be_btech,94,Fresher,Associate Engineer,13,40,37,30,0,hr_asim,2006-07-10
debbiewofford@gmail.com,Debbie Wofford,7947005310,be_btech,70,Fresher,Associate Engineer,62,34,74,57,0,hr_asim,2006-07-10
derrickwise@gmail.com,Derrick Wise,8727196542,be_btech,67,Fresher,Associate Engineer,96,74,80,84,1,hr_asim,2006-07-10
rogerhollingsworth@gmail.com,Roger Hollingsworth,8076534094,be_btech,85,Fresher,Associate Engineer,69,84,95,83,1,hr_asim,2006-07-10
robertbacklund@gmail.com,Robert Backlund,8435103174,be_btech,67,Fresher,Associate Engineer,85,38,54,59,0,hr_asim,2006-07-10
leahdevilla@gmail.com,Leah Devilla,8209257393,be_btech,94,Fresher,Associate Engineer,24,75,84,61,0,hr_asim,2006-07-10
timothycocke@gmail.com,Timothy Cocke,8589494268,be_btech,80,Fresher,Associate Engineer,90,46,67,68,0,hr_asim,2006-07-10
katrinaredick@gmail.com,Katrina Redick,8023849745,be_btech,67,Fresher,Associate Engineer,35,65,74,58,0,hr_asim,2006-07-10
blakeharris@gmail.com,Blake Harris,8117636519,be_btech,95,Fresher,Associate Engineer,79,46,65,64,0,hr_asim,2006-07-10
glindawillis@gmail.com,Glinda Willis,8127811836,be_btech,64,Fresher,Associate Engineer,18,89,54,54,0,hr_asim,2006-07-10
felipegore@gmail.com,Felipe Gore,8171419936,be_btech,63,Fresher,Associate Engineer,41,38,86,55,0,hr_asim,2006-07-10
lilliesutton@gmail.com,Lillie Sutton,8554174640,be_btech,87,Fresher,Associate Engineer,75,59,56,64,0,hr_asim,2006-07-10
jamiestelling@gmail.com,Jamie Stelling,8159334062,be_btech,73,Fresher,Associate Engineer,18,39,49,36,0,hr_asim,2006-07-10
mariekimball@gmail.com,Marie Kimball,8714004209,be_btech,63,Fresher,Associate Engineer,62,85,30,59,0,hr_asim,2006-07-10
juanitahenley@gmail.com,Juanita Henley,8689361254,be_btech,84,Fresher,Associate Engineer,12,83,87,61,0,hr_asim,2006-07-10
shandaklar@gmail.com,Shanda Klar,8611588229,be_btech,90,Fresher,Associate Engineer,71,77,43,64,0,hr_asim,2006-07-10
raynaatkinson@gmail.com,Rayna Atkinson,8184941591,be_btech,79,Fresher,Associate Engineer,90,89,41,74,1,hr_asim,2006-07-10
amaliabuckingham@gmail.com,Amalia Buckingham,7987666058,be_btech,83,Fresher,Associate Engineer,82,57,45,62,0,hr_asim,2006-07-10
peterjones@gmail.com,Peter Jones,8050121159,be_btech,80,Fresher,Associate Engineer,10,38,86,45,0,hr_asim,2006-07-10
williamdiaz@gmail.com,William Diaz,7903257122,be_btech,72,Fresher,Associate Engineer,89,76,71,79,1,hr_asim,2006-07-10
kelleyevans@gmail.com,Kelley Evans,8548929383,be_btech,83,Fresher,Associate Engineer,32,77,48,53,0,hr_asim,2006-07-10
sandravigil@gmail.com,Sandra Vigil,8173016600,be_btech,87,Fresher,Associate Engineer,81,88,39,70,1,hr_asim,2006-07-10
marielemley@gmail.com,Marie Lemley,7972735668,be_btech,90,Fresher,Associate Engineer,85,64,38,63,0,hr_asim,2006-07-10
antionettewells@gmail.com,Antionette Wells,8731562622,be_btech,84,Fresher,Associate Engineer,87,80,59,76,1,hr_asim,2006-07-10
andreafraction@gmail.com,Andrea Fraction,8531214558,be_btech,93,Fresher,Associate Engineer,66,31,48,49,0,hr_asim,2006-07-10
maudiespoor@gmail.com,Maudie Spoor,8266305869,be_btech,99,Fresher,Associate Engineer,87,72,86,82,1,hr_asim,2006-07-10
samuelgammage@gmail.com,Samuel Gammage,8746559107,be_btech,77,Fresher,Associate Engineer,15,50,43,36,0,hr_asim,2006-07-10
vickiculver@gmail.com,Vicki Culver,8507440419,be_btech,66,Fresher,Associate Engineer,9,84,35,43,0,hr_asim,2006-07-10
christiehiestand@gmail.com,Christie Hiestand,8112472868,be_btech,87,Fresher,Associate Engineer,61,78,44,61,0,hr_asim,2006-07-10
lawrencehyland@gmail.com,Lawrence Hyland,7967060026,be_btech,91,Fresher,Associate Engineer,24,85,67,59,0,hr_asim,2006-07-10
johncameron@gmail.com,John Cameron,8274251144,be_btech,97,Fresher,Associate Engineer,48,47,66,54,0,hr_asim,2006-07-10
marydaughtridge@gmail.com,Mary Daughtridge,8351660697,be_btech,65,Fresher,Associate Engineer,81,35,49,55,0,hr_asim,2006-07-10
galinapina@gmail.com,Galina Pina,7906217987,be_btech,99,Fresher,Associate Engineer,0,60,70,44,0,hr_asim,2006-07-10
stephenhinton@gmail.com,Stephen Hinton,8280193225,be_btech,83,Fresher,Associate Engineer,54,36,95,62,0,hr_asim,2006-07-10
jamesgillham@gmail.com,James Gillham,8030306991,be_btech,67,Fresher,Associate Engineer,19,49,62,44,0,hr_asim,2006-07-10
luveniabosco@gmail.com,Luvenia Bosco,8491685249,be_btech,69,Fresher,Associate Engineer,73,47,34,52,0,hr_asim,2006-07-10
myrtlehowe@gmail.com,Myrtle Howe,8749381361,be_btech,75,Fresher,Associate Engineer,44,49,60,51,0,hr_asim,2006-07-10
nathanmays@gmail.com,Nathan Mays,8075586549,be_btech,64,Fresher,Associate Engineer,80,57,62,67,0,hr_asim,2006-07-10
jamescabrera@gmail.com,James Cabrera,8442136011,be_btech,70,Fresher,Associate Engineer,84,43,41,56,0,hr_asim,2006-07-10
annaboyett@gmail.com,Anna Boyett,8780091794,be_btech,99,Fresher,Associate Engineer,85,46,70,67,0,hr_asim,2006-07-10
ceciliacole@gmail.com,Cecilia Cole,8728172324,be_btech,85,Fresher,Associate Engineer,55,79,65,67,0,hr_asim,2006-07-10
graciahendrickson@gmail.com,Gracia Hendrickson,8675046481,be_btech,62,Fresher,Associate Engineer,84,33,92,70,1,hr_asim,2006-07-10
salliefallon@gmail.com,Sallie Fallon,8314819455,be_btech,61,Fresher,Associate Engineer,17,35,79,44,0,hr_asim,2006-07-10
thanhthompson@gmail.com,Thanh Thompson,8773600609,be_btech,90,Fresher,Associate Engineer,83,43,41,56,0,hr_asim,2006-07-10
johnsweeney@gmail.com,John Sweeney,8672245869,be_btech,86,Fresher,Associate Engineer,76,68,87,77,1,hr_asim,2006-07-10
ronaldbirdsong@gmail.com,Ronald Birdsong,8022796521,be_btech,90,Fresher,Associate Engineer,72,83,80,79,1,hr_asim,2006-07-10
jimreyes@gmail.com,Jim Reyes,8052561370,be_btech,64,Fresher,Associate Engineer,5,90,59,52,0,hr_asim,2006-07-10
pamelamitchell@gmail.com,Pamela Mitchell,8354678791,be_btech,96,Fresher,Associate Engineer,1,76,91,56,0,hr_asim,2006-07-10
grantdesano@gmail.com,Grant Desano,7919363693,be_btech,76,Fresher,Associate Engineer,31,74,84,63,0,hr_asim,2006-07-10
emmamartin@gmail.com,Emma Martin,8049044665,be_btech,79,Fresher,Associate Engineer,27,55,69,51,0,hr_asim,2006-07-10
jameskidwell@gmail.com,James Kidwell,8088949385,be_btech,83,Fresher,Associate Engineer,31,65,36,44,0,hr_asim,2006-07-10
marycopeland@gmail.com,Mary Copeland,8511406703,be_btech,85,Fresher,Associate Engineer,96,42,50,63,0,hr_asim,2006-07-10
lindagorney@gmail.com,Linda Gorney,8202829951,be_btech,67,Fresher,Associate Engineer,81,40,90,71,1,hr_asim,2006-07-10
gertrudeclark@gmail.com,Gertrude Clark,8116584419,be_btech,95,Fresher,Associate Engineer,69,42,78,63,0,hr_asim,2006-07-10
andrewscheffler@gmail.com,Andrew Scheffler,8204188772,be_btech,98,Fresher,Associate Engineer,23,85,79,63,0,hr_asim,2006-07-10
lindalassiter@gmail.com,Linda Lassiter,8418045830,be_btech,64,Fresher,Associate Engineer,88,86,60,78,1,hr_asim,2006-07-10
nancyferguson@gmail.com,Nancy Ferguson,7886955787,be_btech,80,Fresher,Associate Engineer,91,71,41,68,0,hr_asim,2006-07-10
conradhynes@gmail.com,Conrad Hynes,8682032728,be_btech,95,Fresher,Associate Engineer,69,32,64,55,0,hr_asim,2006-07-10
hectormorales@gmail.com,Hector Morales,8650586891,be_btech,75,Fresher,Associate Engineer,57,37,53,49,0,hr_asim,2006-07-10
michaelcook@gmail.com,Michael Cook,8383153866,be_btech,66,Fresher,Associate Engineer,98,79,72,83,1,hr_asim,2006-07-10
cynthiasifre@gmail.com,Cynthia Sifre,8083752988,be_btech,79,Fresher,Associate Engineer,4,90,34,43,0,hr_asim,2006-07-10
roydecook@gmail.com,Roy Decook,8677578219,be_btech,86,Fresher,Associate Engineer,37,75,35,49,0,hr_asim,2006-07-10
darlarutan@gmail.com,Darla Rutan,8024292768,be_btech,90,Fresher,Associate Engineer,2,44,31,26,0,hr_asim,2006-07-10
seanmcginley@gmail.com,Sean Mcginley,8409509777,be_btech,89,Fresher,Associate Engineer,11,57,62,44,0,hr_asim,2006-07-10
paulsilliman@gmail.com,Paul Silliman,8579391977,be_btech,80,Fresher,Associate Engineer,39,70,77,62,0,hr_asim,2006-07-10
karlszmidt@gmail.com,Karl Szmidt,8397011090,be_btech,68,Fresher,Associate Engineer,26,38,34,33,0,hr_asim,2006-07-10
jasonwaller@gmail.com,Jason Waller,8232509666,be_btech,76,Fresher,Associate Engineer,1,48,51,34,0,hr_asim,2006-07-10
elizabetherdman@gmail.com,Elizabeth Erdman,8667017535,be_btech,90,Fresher,Associate Engineer,52,55,34,47,0,hr_asim,2006-07-10
jasonfreeman@gmail.com,Jason Freeman,8731175811,be_btech,88,Fresher,Associate Engineer,19,60,38,39,0,hr_asim,2006-07-10
johnwhittman@gmail.com,John Whittman,8280238765,be_btech,93,Fresher,Associate Engineer,2,87,56,49,0,hr_asim,2006-07-10
glennfonder@gmail.com,Glenn Fonder,8292838044,be_btech,68,Fresher,Associate Engineer,2,64,86,51,0,hr_asim,2006-07-10
annsalter@gmail.com,Ann Salter,8094556677,be_btech,83,Fresher,Associate Engineer,76,50,37,55,0,hr_asim,2006-07-10
lisahartley@gmail.com,Lisa Hartley,8575951861,be_btech,72,Fresher,Associate Engineer,92,56,94,81,1,hr_asim,2006-07-10
doraredford@gmail.com,Dora Redford,8109255197,be_btech,94,Fresher,Associate Engineer,64,79,83,76,1,hr_asim,2006-07-10
albertabigelow@gmail.com,Alberta Bigelow,8461182292,be_btech,72,Fresher,Associate Engineer,70,66,50,62,0,hr_asim,2006-07-10
haroldbunton@gmail.com,Harold Bunton,8695625857,be_btech,64,Fresher,Associate Engineer,81,87,73,81,1,hr_asim,2006-07-10
larryrosa@gmail.com,Larry Rosa,8098087076,be_btech,83,Fresher,Associate Engineer,81,37,43,54,0,hr_asim,2006-07-10
jeromehood@gmail.com,Jerome Hood,8119277890,be_btech,96,Fresher,Associate Engineer,72,46,62,60,0,hr_asim,2006-07-10
austinlamphier@gmail.com,Austin Lamphier,8645934296,be_btech,73,Fresher,Associate Engineer,89,88,34,71,1,hr_asim,2006-07-10
bernicegentry@gmail.com,Bernice Gentry,8741652006,be_btech,75,Fresher,Associate Engineer,5,43,52,34,0,hr_asim,2006-07-10
debbiefrench@gmail.com,Debbie French,8314639600,be_btech,75,Fresher,Associate Engineer,36,45,78,53,0,hr_asim,2006-07-10
emilyrasmussen@gmail.com,Emily Rasmussen,8757135709,be_btech,85,Fresher,Associate Engineer,80,81,92,85,1,hr_asim,2006-07-10
juanpenna@gmail.com,Juan Penna,8128120377,be_btech,68,Fresher,Associate Engineer,69,53,68,64,0,hr_asim,2006-07-10
lucillemendoza@gmail.com,Lucille Mendoza,8174476731,be_btech,65,Fresher,Associate Engineer,58,71,93,74,1,hr_asim,2006-07-10
corneliuspeoples@gmail.com,Cornelius Peoples,8244264459,be_btech,74,Fresher,Associate Engineer,12,34,40,29,0,hr_asim,2006-07-10
williamdoughty@gmail.com,William Doughty,7915966823,be_btech,66,Fresher,Associate Engineer,16,61,52,43,0,hr_asim,2006-07-10
richardball@gmail.com,Richard Ball,8007915233,be_btech,76,Fresher,Associate Engineer,25,48,66,47,0,hr_asim,2006-07-10
annatowns@gmail.com,Anna Towns,8392969992,be_btech,83,Fresher,Associate Engineer,17,42,41,34,0,hr_asim,2006-07-10
carlodebord@gmail.com,Carlo Debord,8071408725,be_btech,80,Fresher,Associate Engineer,37,56,86,60,0,hr_asim,2006-07-10
phuongcass@gmail.com,Phuong Cass,8736006420,be_btech,91,Fresher,Associate Engineer,97,79,83,87,1,hr_asim,2006-07-10
lynettesmith@gmail.com,Lynette Smith,8163315007,be_btech,72,Fresher,Associate Engineer,3,35,31,23,0,hr_asim,2006-07-10
joelkelly@gmail.com,Joel Kelly,8415477970,be_btech,67,Fresher,Associate Engineer,38,77,82,66,0,hr_asim,2006-07-10
angelinaknightly@gmail.com,Angelina Knightly,8400126994,be_btech,68,Fresher,Associate Engineer,67,53,74,65,0,hr_asim,2006-07-10
virginiamccollum@gmail.com,Virginia Mccollum,7994305372,be_btech,61,Fresher,Associate Engineer,32,54,76,54,0,hr_asim,2006-07-10
samanthadillon@gmail.com,Samantha Dillon,8606250220,be_btech,84,Fresher,Associate Engineer,40,67,62,57,0,hr_asim,2006-07-10
maxiedarden@gmail.com,Maxie Darden,8006453385,be_btech,66,Fresher,Associate Engineer,9,61,51,41,0,hr_asim,2006-07-10
kathleenowens@gmail.com,Kathleen Owens,8523336007,be_btech,89,Fresher,Associate Engineer,42,80,87,70,1,hr_asim,2006-07-10
howardteasley@gmail.com,Howard Teasley,8710508742,be_btech,82,Fresher,Associate Engineer,7,38,94,47,0,hr_asim,2006-07-10
jeannegrisham@gmail.com,Jeanne Grisham,8708713877,be_btech,87,Fresher,Associate Engineer,27,67,84,60,0,hr_asim,2006-07-10
jameshayes@gmail.com,James Hayes,8622123603,be_btech,65,Fresher,Associate Engineer,33,47,72,51,0,hr_asim,2006-07-10
marciallen@gmail.com,Marci Allen,7909812833,be_btech,73,Fresher,Associate Engineer,53,30,34,39,0,hr_asim,2006-07-10
dianabrowning@gmail.com,Diana Browning,8762637685,be_btech,87,Fresher,Associate Engineer,80,57,79,72,1,hr_asim,2006-07-10
jerrycoleman@gmail.com,Jerry Coleman,8185509778,be_btech,89,Fresher,Associate Engineer,92,76,72,80,1,hr_asim,2006-07-10
rosemaryparker@gmail.com,Rosemary Parker,7969507105,be_btech,67,Fresher,Associate Engineer,79,31,47,53,0,hr_asim,2006-07-10
vernonallen@gmail.com,Vernon Allen,8311947393,be_btech,85,Fresher,Associate Engineer,57,78,56,64,0,hr_asim,2006-07-10
adriansims@gmail.com,Adrian Sims,8317764515,be_btech,98,Fresher,Associate Engineer,41,62,66,57,0,hr_asim,2006-07-10
amandasoto@gmail.com,Amanda Soto,7966576093,be_btech,76,Fresher,Associate Engineer,6,84,75,55,0,hr_asim,2006-07-10
jamesphillips@gmail.com,James Phillips,8588248575,be_btech,74,Fresher,Associate Engineer,76,54,34,55,0,hr_asim,2006-07-10
marthamoore@gmail.com,Martha Moore,8475783777,be_btech,79,Fresher,Associate Engineer,21,78,42,47,0,hr_asim,2006-07-10
pedrogrier@gmail.com,Pedro Grier,8176258703,be_btech,85,Fresher,Associate Engineer,9,77,71,53,0,hr_asim,2006-07-10
jessewinner@gmail.com,Jesse Winner,8091724531,be_btech,93,Fresher,Associate Engineer,88,48,91,76,1,hr_asim,2006-07-10
doreenalnutt@gmail.com,Doreen Alnutt,8412759626,be_btech,89,Fresher,Associate Engineer,16,61,79,52,0,hr_asim,2006-07-10
marcelleshorter@gmail.com,Marcelle Shorter,8052886172,be_btech,75,Fresher,Associate Engineer,75,82,91,83,1,hr_asim,2006-07-10
pennyrasmussen@gmail.com,Penny Rasmussen,8704258648,be_btech,92,Fresher,Associate Engineer,10,59,38,36,0,hr_asim,2006-07-10
racheljones@gmail.com,Rachel Jones,8603558725,be_btech,76,Fresher,Associate Engineer,24,67,32,41,0,hr_asim,2006-07-10
earlkemp@gmail.com,Earl Kemp,8008860753,be_btech,79,Fresher,Associate Engineer,51,39,78,56,0,hr_asim,2006-07-10
ericavaz@gmail.com,Erica Vaz,8754478387,be_btech,61,Fresher,Associate Engineer,14,53,79,49,0,hr_asim,2006-07-10
billycoffey@gmail.com,Billy Coffey,8757626807,be_btech,78,Fresher,Associate Engineer,21,64,33,40,0,hr_asim,2006-07-10
mariebuchanan@gmail.com,Marie Buchanan,8177307181,be_btech,83,Fresher,Associate Engineer,92,32,88,71,1,hr_asim,2006-07-10
nathanpaynes@gmail.com,Nathan Paynes,8459149788,be_btech,93,Fresher,Associate Engineer,61,47,63,57,0,hr_asim,2006-07-10
florencewilliams@gmail.com,Florence Williams,8458065406,be_btech,73,Fresher,Associate Engineer,83,45,48,59,0,hr_asim,2006-07-10
patrickcharles@gmail.com,Patrick Charles,8507715632,be_btech,66,Fresher,Associate Engineer,7,56,89,51,0,hr_asim,2006-07-10
vannessatorrez@gmail.com,Vannessa Torrez,8698573787,be_btech,86,Fresher,Associate Engineer,19,30,64,38,0,hr_asim,2006-07-10
kimtippin@gmail.com,Kim Tippin,8509103227,be_btech,76,Fresher,Associate Engineer,95,49,85,77,1,hr_asim,2006-07-10
elmacoles@gmail.com,Elma Coles,8400585290,be_btech,70,Fresher,Associate Engineer,80,49,88,73,1,hr_asim,2006-07-10
joannafolse@gmail.com,Joanna Folse,8751250617,be_btech,85,Fresher,Associate Engineer,3,39,84,42,0,hr_asim,2006-07-10
anthonymcgraw@gmail.com,Anthony Mcgraw,8124471526,be_btech,68,Fresher,Associate Engineer,99,49,41,63,0,hr_asim,2006-07-10
lucilleleahy@gmail.com,Lucille Leahy,8255900974,be_btech,88,Fresher,Associate Engineer,64,61,69,65,0,hr_asim,2006-07-10
stanleymiller@gmail.com,Stanley Miller,8046237670,be_btech,89,Fresher,Associate Engineer,0,88,70,53,0,hr_asim,2006-07-10
samueldrake@gmail.com,Samuel Drake,8678211109,be_btech,99,Fresher,Associate Engineer,64,38,56,53,0,hr_asim,2006-07-10
seanjaworowski@gmail.com,Sean Jaworowski,7913966083,be_btech,65,Fresher,Associate Engineer,99,66,91,86,1,hr_asim,2006-07-10
heatherweingarten@gmail.com,Heather Weingarten,8262266132,be_btech,69,Fresher,Associate Engineer,28,70,87,62,0,hr_asim,2006-07-10
juliesegura@gmail.com,Julie Segura,8192713686,be_btech,66,Fresher,Associate Engineer,74,80,49,68,0,hr_asim,2006-07-10
eileencapps@gmail.com,Eileen Capps,8641459169,be_btech,75,Fresher,Associate Engineer,27,83,85,65,0,hr_asim,2006-07-10
shaungaines@gmail.com,Shaun Gaines,8398590994,be_btech,82,Fresher,Associate Engineer,21,52,51,42,0,hr_asim,2006-07-10
kristopherdemar@gmail.com,Kristopher Demar,7896046995,be_btech,98,Fresher,Associate Engineer,87,86,66,80,1,hr_asim,2006-07-10
justinjones@gmail.com,Justin Jones,8685347428,be_btech,72,Fresher,Associate Engineer,43,84,58,62,0,hr_asim,2006-07-10
caseymulhall@gmail.com,Casey Mulhall,8678988479,be_btech,63,Fresher,Associate Engineer,78,67,89,78,1,hr_asim,2006-07-10
richardcook@gmail.com,Richard Cook,8757056723,be_btech,76,Fresher,Associate Engineer,49,78,32,53,0,hr_asim,2006-07-10
francisevans@gmail.com,Francis Evans,8767871596,be_btech,99,Fresher,Associate Engineer,22,42,57,41,0,hr_asim,2006-07-10
tanapiazza@gmail.com,Tana Piazza,8185041872,be_btech,85,Fresher,Associate Engineer,84,62,33,60,0,hr_asim,2006-07-10
angelacrisp@gmail.com,Angela Crisp,8156105988,be_btech,63,Fresher,Associate Engineer,62,75,49,62,0,hr_asim,2006-07-10
robinhelgeson@gmail.com,Robin Helgeson,8639556960,be_btech,93,Fresher,Associate Engineer,36,82,73,64,0,hr_asim,2006-07-10
kevinsanders@gmail.com,Kevin Sanders,8194664035,be_btech,88,Fresher,Associate Engineer,23,77,31,44,0,hr_asim,2006-07-10
natashiaclay@gmail.com,Natashia Clay,8395456596,be_btech,92,Fresher,Associate Engineer,39,78,49,56,0,hr_asim,2006-07-10
cathyayres@gmail.com,Cathy Ayres,7965672697,be_btech,75,Fresher,Associate Engineer,12,47,37,32,0,hr_asim,2006-07-10
richardwilson@gmail.com,Richard Wilson,8455010864,be_btech,66,Fresher,Associate Engineer,28,48,58,45,0,hr_asim,2006-07-10
sallydye@gmail.com,Sally Dye,8122828038,be_btech,82,Fresher,Associate Engineer,62,60,80,68,0,hr_asim,2006-07-10
jerrytorres@gmail.com,Jerry Torres,8647282409,be_btech,79,Fresher,Associate Engineer,86,76,76,80,1,hr_asim,2006-07-10
stephencampbell@gmail.com,Stephen Campbell,8681498368,be_btech,92,Fresher,Associate Engineer,39,61,30,44,0,hr_asim,2006-07-10
raymondcisneros@gmail.com,Raymond Cisneros,8418212882,be_btech,82,Fresher,Associate Engineer,96,50,46,64,0,hr_asim,2006-07-10
ritaward@gmail.com,Rita Ward,8566629719,be_btech,97,Fresher,Associate Engineer,13,84,43,47,0,hr_asim,2006-07-10
agnesmonro@gmail.com,Agnes Monro,8457314719,be_btech,74,Fresher,Associate Engineer,96,56,47,67,0,hr_asim,2006-07-10
hollyfriend@gmail.com,Holly Friend,8016471024,be_btech,62,Fresher,Associate Engineer,14,40,85,47,0,hr_asim,2006-07-10
michaelwilson@gmail.com,Michael Wilson,8771976124,be_btech,94,Fresher,Associate Engineer,12,56,84,51,0,hr_asim,2006-07-10
josephloftin@gmail.com,Joseph Loftin,8140007887,be_btech,78,Fresher,Associate Engineer,78,90,74,81,1,hr_asim,2006-07-10
barbarahuber@gmail.com,Barbara Huber,7972764792,be_btech,64,Fresher,Associate Engineer,97,72,60,77,1,hr_asim,2006-07-10
vickybrown@gmail.com,Vicky Brown,8585108553,be_btech,63,Fresher,Associate Engineer,48,67,33,50,0,hr_asim,2006-07-10
shirleyanderson@gmail.com,Shirley Anderson,8786575450,be_btech,86,Fresher,Associate Engineer,50,30,93,58,0,hr_asim,2006-07-10
allenwebster@gmail.com,Allen Webster,8660290074,be_btech,93,Fresher,Associate Engineer,88,63,78,77,1,hr_asim,2006-07-10
carriebeanblossom@gmail.com,Carrie Beanblossom,8393693823,be_btech,72,Fresher,Associate Engineer,32,59,60,51,0,hr_asim,2006-07-10
ronaldowings@gmail.com,Ronald Owings,8225398139,be_btech,71,Fresher,Associate Engineer,4,87,77,56,0,hr_asim,2006-07-10
sergiogaudino@gmail.com,Sergio Gaudino,8427546589,be_btech,77,Fresher,Associate Engineer,70,75,93,80,1,hr_asim,2006-07-10
briandunlap@gmail.com,Brian Dunlap,8011890844,be_btech,86,Fresher,Associate Engineer,91,58,94,81,1,hr_asim,2006-07-10
johnkenoyer@gmail.com,John Kenoyer,7926279888,be_btech,96,Fresher,Associate Engineer,19,34,80,45,0,hr_asim,2006-07-10
clarencepride@gmail.com,Clarence Pride,8182910423,be_btech,99,Fresher,Associate Engineer,9,86,54,50,0,hr_asim,2006-07-10
lauramccarthy@gmail.com,Laura Mccarthy,8694895338,be_btech,66,Fresher,Associate Engineer,33,65,87,62,0,hr_asim,2006-07-10
edgarwills@gmail.com,Edgar Wills,8688960787,be_btech,93,Fresher,Associate Engineer,51,47,52,50,0,hr_asim,2006-07-10
jungcox@gmail.com,Jung Cox,8111269724,be_btech,73,Fresher,Associate Engineer,2,76,86,55,0,hr_asim,2006-07-10
allisonpowell@gmail.com,Allison Powell,8529532258,be_btech,76,Fresher,Associate Engineer,68,38,93,67,0,hr_asim,2006-07-10
dennisadams@gmail.com,Dennis Adams,8251092552,be_btech,78,Fresher,Associate Engineer,13,75,95,61,0,hr_asim,2006-07-10
marvinyong@gmail.com,Marvin Yong,8235624608,be_btech,82,Fresher,Associate Engineer,29,59,30,40,0,hr_asim,2006-07-10
tracyroberts@gmail.com,Tracy Roberts,7878727097,be_btech,70,Fresher,Associate Engineer,98,55,58,71,1,hr_asim,2006-07-10
imogeneblair@gmail.com,Imogene Blair,8265102904,be_btech,90,Fresher,Associate Engineer,27,58,53,46,0,hr_asim,2006-07-10
shawnaarmijo@gmail.com,Shawna Armijo,8712062331,be_btech,61,Fresher,Associate Engineer,67,39,86,64,0,hr_asim,2006-07-10
tracymcanally@gmail.com,Tracy Mcanally,7947633877,be_btech,80,Fresher,Associate Engineer,47,40,60,49,0,hr_asim,2006-07-10
bradmatthews@gmail.com,Brad Matthews,8571934897,be_btech,78,Fresher,Associate Engineer,11,61,50,41,0,hr_asim,2006-07-10
margaretbixler@gmail.com,Margaret Bixler,8410495328,be_btech,87,Fresher,Associate Engineer,0,43,40,28,0,hr_asim,2006-07-10
darinibanez@gmail.com,Darin Ibanez,8379039265,be_btech,86,Fresher,Associate Engineer,35,82,84,67,0,hr_asim,2006-07-10
scottfelberbaum@gmail.com,Scott Felberbaum,8561645918,be_btech,90,Fresher,Associate Engineer,90,60,52,68,0,hr_asim,2006-07-10
heidisikes@gmail.com,Heidi Sikes,8585127073,be_btech,82,Fresher,Associate Engineer,2,58,93,51,0,hr_asim,2006-07-10
judithledford@gmail.com,Judith Ledford,8662130705,be_btech,67,Fresher,Associate Engineer,11,57,34,34,0,hr_asim,2006-07-10
natalieclose@gmail.com,Natalie Close,8108170559,be_btech,96,Fresher,Associate Engineer,73,73,65,71,1,hr_asim,2006-07-10
evelyncale@gmail.com,Evelyn Cale,7895420234,be_btech,67,Fresher,Associate Engineer,30,54,45,43,0,hr_asim,2006-07-10
lyndalosacco@gmail.com,Lynda Losacco,8003513346,be_btech,69,Fresher,Associate Engineer,52,44,69,55,0,hr_asim,2006-07-10
annieward@gmail.com,Annie Ward,8046168003,be_btech,66,Fresher,Associate Engineer,45,53,89,63,0,hr_asim,2006-07-10
violetkounthapanya@gmail.com,Violet Kounthapanya,8397758713,be_btech,97,Fresher,Associate Engineer,80,40,58,60,0,hr_asim,2006-07-10
tinanewton@gmail.com,Tina Newton,8616337865,be_btech,82,Fresher,Associate Engineer,0,75,89,55,0,hr_asim,2006-07-10
williambrock@gmail.com,William Brock,8537671432,be_btech,99,Fresher,Associate Engineer,46,89,84,73,1,hr_ankit,2007-12-16
thomasware@gmail.com,Thomas Ware,8491385491,be_btech,83,Fresher,Associate Engineer,63,70,93,76,1,hr_ankit,2007-12-16
cynthiarivera@gmail.com,Cynthia Rivera,7879285541,be_btech,84,Fresher,Associate Engineer,54,33,74,54,0,hr_ankit,2007-12-16
bricesaylor@gmail.com,Brice Saylor,8045699107,be_btech,73,Fresher,Associate Engineer,28,81,88,66,0,hr_ankit,2007-12-16
robertsingleton@gmail.com,Robert Singleton,7958982066,be_btech,88,Fresher,Associate Engineer,14,43,76,45,0,hr_ankit,2007-12-16
jefferyjones@gmail.com,Jeffery Jones,8013304653,be_btech,61,Fresher,Associate Engineer,72,75,44,64,0,hr_ankit,2007-12-16
reginaahart@gmail.com,Regina Ahart,8784798825,be_btech,65,Fresher,Associate Engineer,74,58,39,57,0,hr_ankit,2007-12-16
josephwalton@gmail.com,Joseph Walton,8193645870,be_btech,95,Fresher,Associate Engineer,0,68,40,36,0,hr_ankit,2007-12-16
andrewholland@gmail.com,Andrew Holland,8537750205,be_btech,93,Fresher,Associate Engineer,99,56,50,69,0,hr_ankit,2007-12-16
glennsimms@gmail.com,Glenn Simms,8685625953,be_btech,67,Fresher,Associate Engineer,7,67,40,38,0,hr_ankit,2007-12-16
victoriacresswell@gmail.com,Victoria Cresswell,8713046258,be_btech,77,Fresher,Associate Engineer,3,88,84,59,0,hr_ankit,2007-12-16
jasondavis@gmail.com,Jason Davis,8613146252,be_btech,87,Fresher,Associate Engineer,11,44,36,31,0,hr_ankit,2007-12-16
chuckpuckett@gmail.com,Chuck Puckett,8067036917,be_btech,71,Fresher,Associate Engineer,0,39,93,44,0,hr_ankit,2007-12-16
josephrodriguez@gmail.com,Joseph Rodriguez,8267339024,be_btech,94,Fresher,Associate Engineer,97,39,61,66,0,hr_ankit,2007-12-16
evablankenship@gmail.com,Eva Blankenship,8075334802,be_btech,63,Fresher,Associate Engineer,31,73,87,64,0,hr_ankit,2007-12-16
mauriciocarroll@gmail.com,Mauricio Carroll,8125899467,be_btech,68,Fresher,Associate Engineer,65,50,94,70,1,hr_ankit,2007-12-16
paulkern@gmail.com,Paul Kern,8174311100,be_btech,85,Fresher,Associate Engineer,46,41,63,50,0,hr_ankit,2007-12-16
leonwhitecotton@gmail.com,Leon Whitecotton,8115657629,be_btech,98,Fresher,Associate Engineer,26,61,42,43,0,hr_ankit,2007-12-16
katherinecostello@gmail.com,Katherine Costello,8082407115,be_btech,92,Fresher,Associate Engineer,45,75,55,59,0,hr_ankit,2007-12-16
gregfields@gmail.com,Greg Fields,7963296567,be_btech,72,Fresher,Associate Engineer,31,89,65,62,0,hr_ankit,2007-12-16
debbiecornman@gmail.com,Debbie Cornman,8533931014,be_btech,84,Fresher,Associate Engineer,67,53,39,53,0,hr_ankit,2007-12-16
lydiafleming@gmail.com,Lydia Fleming,8422193440,be_btech,84,Fresher,Associate Engineer,76,63,73,71,1,hr_ankit,2007-12-16
donaldweeks@gmail.com,Donald Weeks,8053395417,be_btech,93,Fresher,Associate Engineer,79,47,77,68,0,hr_ankit,2007-12-16
ronaldkaiser@gmail.com,Ronald Kaiser,8558934256,be_btech,71,Fresher,Associate Engineer,64,50,36,50,0,hr_ankit,2007-12-16
brittanyrasset@gmail.com,Brittany Rasset,8743406489,be_btech,71,Fresher,Associate Engineer,46,68,85,67,0,hr_ankit,2007-12-16
